1	20061106222219	http://www.catalyticsouls.com/forums/viewtopic.php?t=92	92	MIdwest Freakfest:ride available from Tampa	RideShare	partition_function
1	20060522233500	http://www.catalyticsouls.com/forums/viewtopic.php?t=97&view=next	97	Ride from Michigan to Freakfest.	RideShare	Bronco
1	20060522224941	http://www.catalyticsouls.com/forums/viewtopic.php?t=99&view=previous	99	Question about Freakfest.	Discussion	Bronco
1	20061106220553	http://www.catalyticsouls.com/forums/viewtopic.php?t=104	104	Forced Entry Records Freakfest Pics	photos	GGJim
1	20061106222414	http://www.catalyticsouls.com/forums/viewtopic.php?t=125&view=next	125	CaveStock 2 Sept 23&24 w/TimeSlots	CaveStock 2	tomfoolery
1	20060522230831	http://www.catalyticsouls.com/forums/viewtopic.php?t=234&start=15	234	UnderGround Sound Back 2 the Freak UGS June30-July1	UnderGround Sound	tomfoolery
1	20060522230835	http://www.catalyticsouls.com/forums/viewtopic.php?t=234&start=30	234	UnderGround Sound Back 2 the Freak UGS June30-July1	UnderGround Sound	tomfoolery
1	20060522230852	http://www.catalyticsouls.com/forums/viewtopic.php?t=234&start=45	234	UnderGround Sound Back 2 the Freak UGS June30-July1	UnderGround Sound	tomfoolery
1	20061106214000	http://www.catalyticsouls.com/forums/viewtopic.php?t=234&start=0	234	UnderGround Sound Back 2 the Freak UGS June30-July1	UnderGround Sound	tomfoolery
1	20061106214015	http://www.catalyticsouls.com/forums/viewtopic.php?t=234&start=165	234	UnderGround Sound Back 2 the Freak UGS June30-July1	UnderGround Sound	tomfoolery
1	20061106214029	http://www.catalyticsouls.com/forums/viewtopic.php?t=234&start=135	234	UnderGround Sound Back 2 the Freak UGS June30-July1	UnderGround Sound	tomfoolery
1	20061106214041	http://www.catalyticsouls.com/forums/viewtopic.php?t=234&start=150	234	UnderGround Sound Back 2 the Freak UGS June30-July1	UnderGround Sound	tomfoolery
1	20060522230839	http://www.catalyticsouls.com/forums/viewtopic.php?t=339	339	design info	UnderGround Sound	tomfoolery
2	20050207130355	http://www.catalyticsouls.com:80/viewtopic.php?t=11&amp	11	CAVE FEST Performers:	Gemini Moon Cave Fest	tomfoolery
2	20060522231207	http://www.catalyticsouls.com/forums/viewtopic.php?t=11&start=15	11	CAVE FEST Performers: (new flyer 2-26)	Past Events	Guest
2	20060522231242	http://www.catalyticsouls.com/forums/viewtopic.php?t=11&start=0	11	CAVE FEST Performers: (new flyer 2-26)	Past Events	Guest
2	20061107011351	http://www.catalyticsouls.com/forums/viewtopic.php?t=34&start=0	34	Cave Fest ===== "Gemini Moon FEST"	Past Events	SpaceHead
2	20061107004244	http://www.catalyticsouls.com/forums/viewtopic.php?t=38&start=0&postdays=0&postorder=asc&highlight=	38	cave fest electronic half :)	Past Events	SpaceHead
2	20061107004812	http://www.catalyticsouls.com/forums/viewtopic.php?t=39&start=0&postdays=0&postorder=asc&highlight=	39	Tickets for CaveFest!	Past Events	Guest
2	20060522225932	http://www.catalyticsouls.com/forums/viewtopic.php?t=42&start=15	42	cavemanexperience	Discussion	shelby
2	20061107000850	http://www.catalyticsouls.com/forums/viewtopic.php?t=42	42	cavemanexperience	Discussion	shelby
2	20060522234225	http://www.catalyticsouls.com/forums/viewtopic.php?t=46&view=next	46	CaveStock 1 photos	photos	Guest
2	20061106214210	http://www.catalyticsouls.com/forums/viewtopic.php?t=53	53	cave fest 2005	Feedback	Dj Derve
2	20060522231404	http://www.catalyticsouls.com/forums/viewtopic.php?t=59	59	PICS: Cavefest: 16 April 2005	photos	K_I_T
2	20060522225437	http://www.catalyticsouls.com/forums/viewtopic.php?t=60	60	PICS: Cavefest: 16 April 2005	Discussion	K_I_T
2	20060522224544	http://www.catalyticsouls.com/forums/viewtopic.php?t=61&view=previous	61	The CleanUp Crew	CaveStock 2	negan
2	20060522224559	http://www.catalyticsouls.com/forums/viewtopic.php?t=75	75	Info about cavestock2	CaveStock 2	zesty
2	20061106222603	http://www.catalyticsouls.com/forums/viewtopic.php?t=75&start=15	75	Info about cavestock2	CaveStock 2	zesty
2	20061106222444	http://www.catalyticsouls.com/forums/viewtopic.php?t=130&view=previous	130	About a vendor	CaveStock 2	jshay
2	20061106222301	http://www.catalyticsouls.com/forums/viewtopic.php?t=147	147	Carpool from Cape to Cavestock	RideShare	dragonflybee
2	20060522233452	http://www.catalyticsouls.com/forums/viewtopic.php?t=149&view=previous	149	Rumor: Cavestock cancled?	CaveStock 2	sugarmag420
2	20061106213419	http://www.catalyticsouls.com/forums/viewtopic.php?t=194	194	CaveFest06	CaveFest06 420 edition	shakedown
2	20061106213646	http://www.catalyticsouls.com/forums/viewtopic.php?t=211	211	CaveFest 06 official info:	CaveFest06 420 edition	tomfoolery
2	20060522225743	http://www.catalyticsouls.com/forums/viewtopic.php?t=218	218	CaveFest 06 age limit	Discussion	roccopalooza
2	20061106213632	http://www.catalyticsouls.com/forums/viewtopic.php?t=219	219	CaveFest 06 age limit	CaveFest06 420 edition	roccopalooza
2	20061106213520	http://www.catalyticsouls.com/forums/viewtopic.php?t=229	229	Camping onsite?	CaveFest06 420 edition	klowe17
2	20061106213624	http://www.catalyticsouls.com/forums/viewtopic.php?t=262	262	DIRECTIONS	CaveFest06 420 edition	jamminallday
2	20061106213433	http://www.catalyticsouls.com/forums/viewtopic.php?t=263	263	TRASHBAGS!	CaveFest06 420 edition	jamminallday
2	20061106213639	http://www.catalyticsouls.com/forums/viewtopic.php?t=271	271	what time does the music run till?	CaveFest06 420 edition	Lord Mandrake
2	20061106220810	http://www.catalyticsouls.com/forums/viewtopic.php?t=313	313	Derve's cavestock 06 pics	photos	Guest
2	20061106213528	http://www.catalyticsouls.com/forums/viewtopic.php?t=315	315	thank you	CaveFest06 420 edition	djandy_b
2	20060522224500	http://www.catalyticsouls.com/forums/viewtopic.php?t=318	318	Cavefest 06 420 edition.........	Event Reviews	djandy_b
2	20061106213540	http://www.catalyticsouls.com/forums/viewtopic.php?t=352	352	VENDORS?	CaveFest06 420 edition	DEVIANT
2	20061106225932	http://www.catalyticsouls.com/forums/viewtopic.php?t=360&postdays=0&postorder=asc&start=0	360	CAVE JAM	Cave Jam Solstice Fest w/ Vince Herman	tomfoolery
2	20061106230044	http://www.catalyticsouls.com/forums/viewtopic.php?t=360&start=30&postdays=0&postorder=asc&highlight=	360	CAVE JAM	Cave Jam Solstice Fest w/ Vince Herman	tomfoolery
2	20061106233050	http://www.catalyticsouls.com/forums/viewtopic.php?t=360&start=15&postdays=0&postorder=asc&highlight=	360	CAVE JAM	Cave Jam Solstice Fest w/ Vince Herman	tomfoolery
2	20061106231845	http://www.catalyticsouls.com/forums/viewtopic.php?t=373	373	I'm pumped	Cave Jam Solstice Fest w/ Vince Herman	deadhead13althea
2	20061106231840	http://www.catalyticsouls.com/forums/viewtopic.php?t=375	375	Where is this cave jam advertised?	Cave Jam Solstice Fest w/ Vince Herman	jshay
2	20061106223248	http://www.catalyticsouls.com/forums/viewtopic.php?t=376&view=next	376	Cave Country June 16-17	Dust Trails Presents CaveCountry	tomfoolery
2	20061106221801	http://www.catalyticsouls.com/forums/viewtopic.php?t=416	416	wht kind of music will be played at cavestock 3?	Event Listings	squalo
2	20061106220120	http://www.catalyticsouls.com/forums/viewtopic.php?t=440	440	CAVESTOCK 3 Sept. 22 & 23	CAVESTOCK 3	tomfoolery
2	20061106220018	http://www.catalyticsouls.com/forums/viewtopic.php?t=457	457	Rockin out in the cave once more!!!	CAVESTOCK 3	Fraunt Trozner
2	20061106220244	http://www.catalyticsouls.com/forums/viewtopic.php?t=569	569	Rideshare?	CAVESTOCK 3	sheva
2	20061106220057	http://www.catalyticsouls.com/forums/viewtopic.php?t=610&view=previous	610	The Dervish mixin it up Live at Cavestock 3 Sept 23rd 06	CAVESTOCK 3	teknohippie
2	20061106231305	http://www.catalyticsouls.com/forums/viewtopic.php?t=733&view=next	733	Akira Fubuki japanese b	Cave Jam Solstice Fest w/ Vince Herman	Enceterjoha
2	20061106231500	http://www.catalyticsouls.com/forums/viewtopic.php?t=747&view=next	747	wow	Cave Jam Solstice Fest w/ Vince Herman	Moted60
2	20061106231835	http://www.catalyticsouls.com/forums/viewtopic.php?t=808	808	tenuate slimming uk	Cave Jam Solstice Fest w/ Vince Herman	tenuate free shipping ove
2	20061106232335	http://www.catalyticsouls.com/forums/viewtopic.php?t=827	827	rolex	Cave Jam Solstice Fest w/ Vince Herman	alprazollam
2	20061106232353	http://www.catalyticsouls.com/forums/viewtopic.php?t=845	845	busty blonde	Cave Jam Solstice Fest w/ Vince Herman	busty dusty
2	20061106231941	http://www.catalyticsouls.com/forums/viewtopic.php?t=859	859	migraine	Cave Jam Solstice Fest w/ Vince Herman	migraine
2	20061106230624	http://www.catalyticsouls.com/forums/viewtopic.php?t=874&view=previous	874	busty black babes	Cave Jam Solstice Fest w/ Vince Herman	free busty babes gallerie
2	20061106225704	http://www.catalyticsouls.com/forums/viewtopic.php?t=906&view=next	906	Shakira fun site!	Cave Jam Solstice Fest w/ Vince Herman	Encejobastardup
2	20061106220212	http://www.catalyticsouls.com/forums/viewtopic.php?t=912	912	To wire from there	CAVESTOCK 3	delViconto
2	20061106232536	http://www.catalyticsouls.com/forums/viewtopic.php?t=940&start=0	940	penis enlargement	Cave Jam Solstice Fest w/ Vince Herman	penis_enlargement
2	20061106230729	http://www.catalyticsouls.com/forums/viewtopic.php?t=949&start=0	949	airline tickets	Cave Jam Solstice Fest w/ Vince Herman	airline_tickets
2	20061106225822	http://www.catalyticsouls.com/forums/viewtopic.php?t=955&start=0	955	penis enlargement	Cave Jam Solstice Fest w/ Vince Herman	penis_enlargement
2.5	20060522225037	http://www.catalyticsouls.com/forums/viewtopic.php?t=133&view=next	133	Welcome to the Police State known as "Utah" . . .	Discussion	Tangent
2.5	20060522223547	http://www.catalyticsouls.com/forums/viewtopic.php?t=139&start=15	139	GRAVE DANCING/ OCT 15/ Carbondale IL	Event Listings	zesty
2.5	20060522224329	http://www.catalyticsouls.com/forums/viewtopic.php?t=139&start=0	139	GRAVE DANCING/ OCT 15/ Carbondale IL	Event Listings	zesty
2.5	20060522233433	http://www.catalyticsouls.com/forums/viewtopic.php?t=203&view=next	203	Gaia+Craveone+Blueprint+Jinxx:EuropeNiteClub:Thurs26JAN2006	Event Listings	K_I_T
2.5	20061107002248	http://www.catalyticsouls.com/forums/viewtopic.php?t=627&start=0	627	Lot of 110 Techno, Trance and House records for sale	Discussion	groove culture
2.5	20061106221452	http://www.catalyticsouls.com/forums/viewtopic.php?t=786	786	10/28-THRILL YA-dnb rave Chicago	Event Listings	diskokitty
3	20060522223939	http://www.catalyticsouls.com/forums/viewtopic.php?t=177	177	WINTER WONDERLAND CHICAGO DEC 17TH	Event Listings	Source
3.2	20050207131727	http://www.catalyticsouls.com:80/viewtopic.php?t=3&amp	3	2-12-05 Underground Elements: Transition 2 (Toymaker)	One-offs/Festivals/Concerts	tomfoolery
3.2	20050207132715	http://www.catalyticsouls.com:80/viewtopic.php?t=4&amp	4	1-17-05 U Lounge St Louis	Club Events	tomfoolery
3.2	20050207133459	http://www.catalyticsouls.com:80/viewtopic.php?t=6&amp	6	Cape Feb 5 (monthly)	Club Events	tomfoolery
3.2	20050207130932	http://www.catalyticsouls.com:80/viewtopic.php?t=13&amp	13	March 4 Upstairs Lounge St. Louis	Club Events	tomfoolery
3.2	20060522225524	http://www.catalyticsouls.com/forums/viewtopic.php?t=68&view=previous	68	FACTORe and Evol Intent Mixes for DL!	Discussion	tomfoolery
3.2	20060522225206	http://www.catalyticsouls.com/forums/viewtopic.php?t=113&view=previous	113	Breaks Mix	Discussion	tomfoolery
3.2	20060522233249	http://www.catalyticsouls.com/forums/viewtopic.php?t=160&view=next	160	BArn Yard Boogie 4 Nov. 4 Peoria IL	Event Listings	tomfoolery
3.2	20061106222712	http://www.catalyticsouls.com/forums/viewtopic.php?t=164	164	The Spirit of Ozz Festival	The Spirit Of Ozz 10/21-22	tomfoolery
3.2	20060522223721	http://www.catalyticsouls.com/forums/viewtopic.php?t=174&view=previous	174	PsychoTronic w/ FACTORe 12/8-10	Event Listings	tomfoolery
3.2	20060522230003	http://www.catalyticsouls.com/forums/viewtopic.php?t=184	184	Champaigne Super Nova	Discussion	tomfoolery
3.2	20060522225906	http://www.catalyticsouls.com/forums/viewtopic.php?t=192	192	new mix from me	Discussion	tomfoolery
3.2	20061107011304	http://www.catalyticsouls.com/forums/viewtopic.php?t=231&start=0&postdays=0&postorder=asc&highlight=	231	nothing here	Past Events	tomfoolery
3.2	20060522224240	http://www.catalyticsouls.com/forums/viewtopic.php?t=254	254	3-31 Wilmington NC A Phamily Affair	Event Listings	tomfoolery
3.2	20060522233324	http://www.catalyticsouls.com/forums/viewtopic.php?t=255&view=previous	255	STL, MO 4-15 HeavyWeight Stylez	Event Listings	tomfoolery
3.5	20060522230637	http://www.catalyticsouls.com/forums/viewtopic.php?t=5	5	Tom Foolery	Introductions	Guest
3.5	20060522233907	http://www.catalyticsouls.com/forums/viewtopic.php?t=7&view=next	7	Ch-ch-ch-check it ouuuuuuuut.......	Introductions	Tangent
3.5	20060522233923	http://www.catalyticsouls.com/forums/viewtopic.php?t=12&view=next	12	You know you want to read this!	Introductions	yitic
3.5	20060522234039	http://www.catalyticsouls.com/forums/viewtopic.php?t=14&view=next	14	Scott	Introductions	Scott
3.5	20060522230200	http://www.catalyticsouls.com/forums/viewtopic.php?t=16&view=previous	16	BluBoy	Introductions	DJ BluBoy
3.5	20060522230341	http://www.catalyticsouls.com/forums/viewtopic.php?t=17&view=previous	17	SpaceHead	Introductions	SpaceHead
3.5	20050226235139	http://www.catalyticsouls.com:80/viewtopic.php?t=22&amp	22	Hey Hey Hey post some feedback :) !!!	Feedback	SpaceHead
3.5	20061106214132	http://www.catalyticsouls.com/forums/viewtopic.php?t=22&view=next	22	Hey Hey Hey post some feedback :) !!!	Feedback	SpaceHead
3.5	20060522230649	http://www.catalyticsouls.com/forums/viewtopic.php?t=23	23	Hey all	Introductions	djxdcc
3.5	20060522230657	http://www.catalyticsouls.com/forums/viewtopic.php?t=26	26	Jesse Adams	Introductions	jadams
3.5	20060522233930	http://www.catalyticsouls.com/forums/viewtopic.php?t=29&view=previous	29	Dj derve	Introductions	Dj Derve
3.5	20060522230356	http://www.catalyticsouls.com/forums/viewtopic.php?t=31&view=next	31	Slow burn, then BAM!	Introductions	Dona
3.5	20060522233840	http://www.catalyticsouls.com/forums/viewtopic.php?t=43&view=previous	43	I made it	Introductions	Reperkushin
3.5	20060522231435	http://www.catalyticsouls.com/forums/viewtopic.php?t=44	44	Shawnee Cave Ampitheater Photos	photos	Guest
3.5	20060522230248	http://www.catalyticsouls.com/forums/viewtopic.php?t=50&view=next	50	Big up from K_I_T in STL!	Introductions	K_I_T
3.5	20060522233847	http://www.catalyticsouls.com/forums/viewtopic.php?t=52&view=previous	52	yea yea	Introductions	diab0lik
3.5	20060522234112	http://www.catalyticsouls.com/forums/viewtopic.php?t=55&view=next	55	Thanks	Past Events	Reperkushin
3.5	20060522233950	http://www.catalyticsouls.com/forums/viewtopic.php?t=57&view=previous	57	Dedication Crew - St. Louis, MO	Introductions	dedication
3.5	20060522230411	http://www.catalyticsouls.com/forums/viewtopic.php?t=73&view=next	73	Zesty!	Introductions	zesty
3.5	20060522230601	http://www.catalyticsouls.com/forums/viewtopic.php?t=76	76	hello.. my name is michael	Introductions	djmichaelwenz
3.5	20060522234048	http://www.catalyticsouls.com/forums/viewtopic.php?t=84&view=next	84	Hallo peoples	Introductions	computer controlled
3.5	20060522231337	http://www.catalyticsouls.com/forums/viewtopic.php?t=85&view=next	85	PICS : POSH @ U Lounge : Monday 23 May 2005	photos	K_I_T
3.5	20060522234314	http://www.catalyticsouls.com/forums/viewtopic.php?t=117&view=previous	117	teating	photos	Dj Derve
3.5	20060522234233	http://www.catalyticsouls.com/forums/viewtopic.php?t=118&view=previous	118	a few pics	photos	Dj Derve
3.5	20060522233942	http://www.catalyticsouls.com/forums/viewtopic.php?t=127&view=previous	127	PsyTrance Maddness in the Flesh	Introductions	dj Dragon
3.5	20060522234017	http://www.catalyticsouls.com/forums/viewtopic.php?t=128&view=previous	128	D.J. M.D.	Introductions	thcsyndicate
3.5	20061106215309	http://www.catalyticsouls.com/forums/viewtopic.php?t=140	140	DJ NitroN	Introductions	DJ NitroN
3.5	20060522230117	http://www.catalyticsouls.com/forums/viewtopic.php?t=143&view=next	143	Howdy from Murphy	Introductions	Jayzer
3.5	20060522230404	http://www.catalyticsouls.com/forums/viewtopic.php?t=150	150	My name is Lilly.	Introductions	skablam
3.5	20060522230514	http://www.catalyticsouls.com/forums/viewtopic.php?t=157	157	I am DeadMan!!	Introductions	DeadMan
3.5	20060522233659	http://www.catalyticsouls.com/forums/viewtopic.php?t=158&view=previous	158	Hey Bitches!!!!	Discussion	DeadMan
3.5	20060522233916	http://www.catalyticsouls.com/forums/viewtopic.php?t=167&view=previous	167	IT'S	Introductions	unklryan
3.5	20060522233354	http://www.catalyticsouls.com/forums/viewtopic.php?t=172&view=next	172	Midwest Breaks Sun. Derve & Guest Mix by Dj Annalyze	Event Listings	Dj Derve
3.5	20060522233342	http://www.catalyticsouls.com/forums/viewtopic.php?t=175&view=previous	175	STL/Thanksgiving Night/Europe Nite Club/Thursday 24 NOV 2005	Event Listings	K_I_T
3.5	20060522233148	http://www.catalyticsouls.com/forums/viewtopic.php?t=176&view=previous	176	STL:TheDayAfterThanksgiving:CrescentRoom:Fri25NOV2005:FREE	Event Listings	K_I_T
3.5	20060522233714	http://www.catalyticsouls.com/forums/viewtopic.php?t=201&view=next	201	Check out this mix and let me know what ya think!!!!	Discussion	Dj Derve
3.5	20060522234010	http://www.catalyticsouls.com/forums/viewtopic.php?t=209&view=next	209	Murphy venue gots a shiny new MySpace	Introductions	Jayzer
3.5	20061106215240	http://www.catalyticsouls.com/forums/viewtopic.php?t=213	213	n00b intro	Introductions	xanax4breakfast
3.5	20060522232243	http://www.catalyticsouls.com/forums/viewtopic.php?t=220	220	c-dale sports blast pics	photos	Guest
3.5	20060522234025	http://www.catalyticsouls.com/forums/viewtopic.php?t=221&view=previous	221	hi	Introductions	burnthesystem
3.5	20060522230331	http://www.catalyticsouls.com/forums/viewtopic.php?t=232&view=previous	232	I am Benji Ramsey	Introductions	vj benji ramsey
3.5	20060522225702	http://www.catalyticsouls.com/forums/viewtopic.php?t=236	236	Mixes for download	Discussion	UnitOvOne
3.5	20060522233552	http://www.catalyticsouls.com/forums/viewtopic.php?t=241&view=next	241	New Catacomb Mix!!!!!!	Discussion	miloinkc
3.5	20060522231442	http://www.catalyticsouls.com/forums/viewtopic.php?t=249	249	328 Flicks from last years Cave Party @ StudioGangstas.net	photos	DjSerby
3.5	20060522233531	http://www.catalyticsouls.com/forums/viewtopic.php?t=258&view=previous	258	DEAD P.A. on the road part 1 w/ pics	Discussion	papa zero
3.5	20060522234000	http://www.catalyticsouls.com/forums/viewtopic.php?t=264&view=next	264	Yoooo	Introductions	jamminallday
3.5	20060522234029	http://www.catalyticsouls.com/forums/viewtopic.php?t=276&view=next	276	Hello	Introductions	Justin_Sane
3.5	20060522230743	http://www.catalyticsouls.com/forums/viewtopic.php?t=341	341	Hiyas!	Introductions	sfranke
3.5	20060522233857	http://www.catalyticsouls.com/forums/viewtopic.php?t=351&view=previous	351	HELLO	Introductions	DEVIANT
3.5	20061107003317	http://www.catalyticsouls.com/forums/viewtopic.php?t=358&view=previous	358	live dnb pics...DEAD P.A. in Baton Rouge, Corpus & Edinb	Discussion	papa zero
3.5	20061107003028	http://www.catalyticsouls.com/forums/viewtopic.php?t=472&view=next	472	Master Mix Disaster	Discussion	head_trip2005
3.5	20061107001041	http://www.catalyticsouls.com/forums/viewtopic.php?t=813&start=0&postdays=0&postorder=asc&highlight=	813	Hello, I'm new!	Discussion	Inga_Shneider
3.5	20061106221441	http://www.catalyticsouls.com/forums/viewtopic.php?t=840	840	11.10.2006 // MIX + Scotty Mac // Monarch STL	Event Listings	Scotty Mac
3.5	20061107002438	http://www.catalyticsouls.com/forums/viewtopic.php?t=977&view=next	977	Just wanted to say thanks	Discussion	StuartVallance
3.6	20061106221516	http://www.catalyticsouls.com/forums/viewtopic.php?t=870&view=previous	870	11.18.2008 // "BACK TO THE RAW" // STL	Event Listings	Scotty Mac
4.5	20050226110010	http://www.catalyticsouls.com:80/viewtopic.php?p=35&amp				
4.5	20050226182621	http://www.catalyticsouls.com:80/viewtopic.php?p=55&amp				
4.5	20050227054132	http://www.catalyticsouls.com:80/viewtopic.php?p=18&amp				
4.5	20050227124427	http://www.catalyticsouls.com:80/viewtopic.php?p=3&amp				
4.5	20050227190037	http://www.catalyticsouls.com:80/viewtopic.php?p=9&amp				
4.5	20050228020713	http://www.catalyticsouls.com:80/viewtopic.php?p=42&amp				
4.5	20050228071552	http://www.catalyticsouls.com:80/viewtopic.php?p=43&amp				
4.5	20050228132711	http://www.catalyticsouls.com:80/viewtopic.php?p=46&amp				
4.5	20050228184901	http://www.catalyticsouls.com:80/viewtopic.php?p=5&amp				
4.5	20050228232146	http://www.catalyticsouls.com:80/viewtopic.php?p=58&amp				
4.5	20050301040803	http://www.catalyticsouls.com:80/viewtopic.php?p=61&amp				
4.5	20050301225841	http://www.catalyticsouls.com:80/viewtopic.php?p=66&amp				
4.5	20050302035825	http://www.catalyticsouls.com:80/viewtopic.php?p=67&amp				
4.5	20050302100316	http://www.catalyticsouls.com:80/viewtopic.php?p=7&amp				
4.5	20050302163337	http://www.catalyticsouls.com:80/viewtopic.php?p=71&amp				
4.5	20050302214518	http://www.catalyticsouls.com:80/viewtopic.php?p=72&amp				
4.5	20050505165810	http://www.catalyticsouls.com:80/viewtopic.php?p=266&amp				
4.5	20050505165840	http://www.catalyticsouls.com:80/viewtopic.php?p=269&amp				
4.5	20050505165925	http://www.catalyticsouls.com:80/viewtopic.php?p=280&amp				
4.5	20050505165944	http://www.catalyticsouls.com:80/viewtopic.php?p=281&amp				
4.5	20050505170024	http://www.catalyticsouls.com:80/viewtopic.php?p=286&amp				
4.5	20050505170053	http://www.catalyticsouls.com:80/viewtopic.php?p=297&amp				
4.5	20050505170122	http://www.catalyticsouls.com:80/viewtopic.php?p=301&amp				
4.5	20050505170155	http://www.catalyticsouls.com:80/viewtopic.php?p=304&amp				
4.5	20050505170238	http://www.catalyticsouls.com:80/viewtopic.php?p=312&amp				
4.5	20050505173807	http://www.catalyticsouls.com:80/viewtopic.php?p=36&amp				
4.5	20050505183504	http://www.catalyticsouls.com:80/viewtopic.php?p=53&amp				
4.5	20050505183732	http://www.catalyticsouls.com:80/viewtopic.php?p=69&amp				
4.5	20050505193852	http://www.catalyticsouls.com:80/viewtopic.php?p=116&amp				
4.5	20050506025845	http://www.catalyticsouls.com:80/viewtopic.php?p=157&amp				
4.5	20050506110824	http://www.catalyticsouls.com:80/viewtopic.php?p=158&amp				
4.5	20050506235655	http://www.catalyticsouls.com:80/viewtopic.php?p=205&amp				
4.5	20050507130405	http://www.catalyticsouls.com:80/viewtopic.php?p=206&amp				
4.5	20050508071001	http://www.catalyticsouls.com:80/viewtopic.php?p=207&amp				
4.5	20050514173103	http://www.catalyticsouls.com:80/viewtopic.php?p=233&amp				
4.5	20050515010406	http://www.catalyticsouls.com:80/viewtopic.php?p=241&amp				
4.5	20050515084140	http://www.catalyticsouls.com:80/viewtopic.php?p=242&amp				
4.5	20050516125007	http://www.catalyticsouls.com:80/viewtopic.php?p=257&amp				
4.5	20050516213804	http://www.catalyticsouls.com:80/viewtopic.php?p=258&amp				
4.5	20050517054958	http://www.catalyticsouls.com:80/viewtopic.php?p=260&amp				
4.5	20050517135349	http://www.catalyticsouls.com:80/viewtopic.php?p=262&amp				
4.5	20050517211357	http://www.catalyticsouls.com:80/viewtopic.php?p=263&amp				
4.5	20050518035547	http://www.catalyticsouls.com:80/viewtopic.php?p=264&amp				
4.5	20050518111111	http://www.catalyticsouls.com:80/viewtopic.php?p=265&amp				
4.5	20050518181819	http://www.catalyticsouls.com:80/viewtopic.php?p=268&amp				
4.5	20050519010254	http://www.catalyticsouls.com:80/viewtopic.php?p=274&amp				
4.5	20050519073031	http://www.catalyticsouls.com:80/viewtopic.php?p=295&amp				
4.5	20050519140921	http://www.catalyticsouls.com:80/viewtopic.php?p=296&amp				
4.5	20050521023125	http://www.catalyticsouls.com:80/viewtopic.php?p=52&amp				
4.5	20050521083116	http://www.catalyticsouls.com:80/viewtopic.php?p=54&amp				
4.5	20050522004815	http://www.catalyticsouls.com:80/viewtopic.php?p=6&amp				
4.5	20050522061300	http://www.catalyticsouls.com:80/viewtopic.php?p=68&amp				
4.5	20050522161401	http://www.catalyticsouls.com:80/viewtopic.php?p=84&amp				
4.5	20050522210643	http://www.catalyticsouls.com:80/viewtopic.php?p=90&amp				
4.5	20050529000837	http://www.catalyticsouls.com:80/viewtopic.php?p=329&amp				
7	20060522225640	http://www.catalyticsouls.com/forums/viewtopic.php?t=8&start=15	8	What are you listening to?	Discussion	Tangent
7	20060522225711	http://www.catalyticsouls.com/forums/viewtopic.php?t=8&start=45	8	What are you listening to?	Discussion	Tangent
7	20060522230011	http://www.catalyticsouls.com/forums/viewtopic.php?t=8&start=30	8	What are you listening to?	Discussion	Tangent
7	20060522233738	http://www.catalyticsouls.com/forums/viewtopic.php?t=8&view=previous	8	What are you listening to?	Discussion	Tangent
7	20060522225859	http://www.catalyticsouls.com/forums/viewtopic.php?t=9&start=60	9	What was the last film you watched?	Discussion	Tangent
7	20060522225925	http://www.catalyticsouls.com/forums/viewtopic.php?t=9&start=75	9	What was the last film you watched?	Discussion	Tangent
7	20060522225950	http://www.catalyticsouls.com/forums/viewtopic.php?t=9&start=45	9	What was the last film you watched?	Discussion	Tangent
7	20061107003418	http://www.catalyticsouls.com/forums/viewtopic.php?t=9&start=0	9	What was the last film you watched?	Discussion	Tangent
7	20060522225842	http://www.catalyticsouls.com/forums/viewtopic.php?t=10&start=15	10	What's the latest dope party/show you've been to?	Discussion	Tangent
7	20060522233748	http://www.catalyticsouls.com/forums/viewtopic.php?t=10&view=next	10	What's the latest dope party/show you've been to?	Discussion	Tangent
7	20060522233759	http://www.catalyticsouls.com/forums/viewtopic.php?t=15&view=previous	15	WDBX thursday night at midnight FM 91.1	Discussion	Guest
7	20060522224817	http://www.catalyticsouls.com/forums/viewtopic.php?t=25&view=next	25	St. louis Carpool	RideShare	SpaceHead
7	20060522234217	http://www.catalyticsouls.com/forums/viewtopic.php?t=30&view=next	30	Directions to the cave	Past Events	Guest
7	20061107011044	http://www.catalyticsouls.com/forums/viewtopic.php?t=33&start=0	33	Prices and Tickets?	Past Events	Joshua
7	20061107000836	http://www.catalyticsouls.com/forums/viewtopic.php?t=35	35	Everyone Good Stuff Here !!!!! &#^*@#$! :)	Discussion	SpaceHead
7	20061107011516	http://www.catalyticsouls.com/forums/viewtopic.php?t=36&start=0	36	Whats the catalytic expericence like?	Past Events	joker_420
7	20061106213005	http://www.catalyticsouls.com/forums/viewtopic.php?t=45	45	Blues Fest and Cave Rock Festival flyer	Past Events	Guest
7	20061107005153	http://www.catalyticsouls.com/forums/viewtopic.php?t=47&start=0	47	Security?	Past Events	Fraunt Trozner
7	20061107005911	http://www.catalyticsouls.com/forums/viewtopic.php?t=54&postdays=0&postorder=asc&start=15	54	Flyer and Info	Past Events	jadams
7	20061107005915	http://www.catalyticsouls.com/forums/viewtopic.php?t=54&start=30&postdays=0&postorder=asc&highlight=	54	Flyer and Info	Past Events	jadams
7	20061107010254	http://www.catalyticsouls.com/forums/viewtopic.php?t=54&start=0&postdays=0&postorder=asc&highlight=	54	Flyer and Info	Past Events	jadams
7	20061107010608	http://www.catalyticsouls.com/forums/viewtopic.php?t=58&start=0&postdays=0&postorder=asc&highlight=	58	bluejam	Past Events	jargon1131
7	20050428232840	http://catalyticsouls.com:80/viewtopic.php?t=59	59			
7	20060522225458	http://www.catalyticsouls.com/forums/viewtopic.php?t=63	63	Know your rights	Discussion	Guest
7	20061107010433	http://www.catalyticsouls.com/forums/viewtopic.php?t=67&start=0&postdays=0&postorder=asc&highlight=	67	For those curious about Evol Intent's The Enemy:	Past Events	Tangent
7	20060522225605	http://www.catalyticsouls.com/forums/viewtopic.php?t=86	86	good site for some breaks downloads check it	Discussion	Dj Derve
7	20060522234206	http://www.catalyticsouls.com/forums/viewtopic.php?t=93&view=previous	93	Where are the freaks?	Past Events	partition_function
7	20061106214105	http://www.catalyticsouls.com/forums/viewtopic.php?t=95&view=previous	95	New site	Feedback	Guest
7	20060522233609	http://www.catalyticsouls.com/forums/viewtopic.php?t=98&view=next	98	did anyone else notice....	Discussion	zesty
7	20061107010749	http://www.catalyticsouls.com/forums/viewtopic.php?t=101&start=0&postdays=0&postorder=asc&highlight=	101	Ride Requests	Past Events	hardcore_raver777
7	20060522224734	http://www.catalyticsouls.com/forums/viewtopic.php?t=102&view=next	102	Omaha/Iowa/Kansas City -> Murphysboro	RideShare	hardcore_raver777
7	20061107003748	http://www.catalyticsouls.com/forums/viewtopic.php?t=110&view=next	110	July 15-17 GeoLogic An Aestival Festival (Murpysboro)	Discussion	yitic
7	20061107003411	http://www.catalyticsouls.com/forums/viewtopic.php?t=126&view=previous	126	Perseid meteor shower peaks 11:59pm Thursday 11 August 2005	Discussion	K_I_T
7	20061107002922	http://www.catalyticsouls.com/forums/viewtopic.php?t=132&view=previous	132	MySpace	Discussion	Tangent
7	20060522223637	http://www.catalyticsouls.com/forums/viewtopic.php?t=142&start=15	142	Pilgrims and Indians 2- 11-19-05- Dowtown INDY	Event Listings	thcsyndicate
7	20060522233308	http://www.catalyticsouls.com/forums/viewtopic.php?t=142&view=next	142	Pilgrims and Indians 2- 11-19-05- Dowtown INDY	Event Listings	thcsyndicate
7	20060522234341	http://www.catalyticsouls.com/forums/viewtopic.php?t=155&view=previous	155	Gigantor+TomFoolery+Dylan Thomas+The Automatic Man:13OCT2005	Event Listings	K_I_T
7	20060522233741	http://www.catalyticsouls.com/forums/viewtopic.php?t=159&view=previous	159	Jam Sessions	Discussion	yitic
7	20060522225225	http://www.catalyticsouls.com/forums/viewtopic.php?t=162&view=next	162	Software	Discussion	Jayzer
7	20060522234401	http://www.catalyticsouls.com/forums/viewtopic.php?t=165&view=previous	165			
7	20060522233258	http://www.catalyticsouls.com/forums/viewtopic.php?t=166&view=previous	166	Derve and Tom Foolery to host Midwest Breaks Sunday ibreaks	Event Listings	Dj Derve
7	20060522223652	http://www.catalyticsouls.com/forums/viewtopic.php?t=168&view=next	168	robjaytombob :: Europe Nite Club :: Thursday 3 November	Event Listings	K_I_T
7	20060522233333	http://www.catalyticsouls.com/forums/viewtopic.php?t=169&view=previous	169	HELL NIGHT :: Europe Nite Club :: Thursday 27 OCT 2005	Event Listings	K_I_T
7	20060522224122	http://www.catalyticsouls.com/forums/viewtopic.php?t=170&view=next	170	Ready + Grant Walker::609/U Lounge::Monday 24 October 2005	Event Listings	K_I_T
7	20060522224019	http://www.catalyticsouls.com/forums/viewtopic.php?t=173&view=previous	173	STL:MattBeatz+DamianMaxwell+Yanix:609/ULounge:Mon 7 NOV 2005	Event Listings	K_I_T
7	20060522233057	http://www.catalyticsouls.com/forums/viewtopic.php?t=178&view=next	178	Midwest Breaks Sunday with MyTMike and Dj Perplex	Event Listings	Dj Derve
7	20060522233138	http://www.catalyticsouls.com/forums/viewtopic.php?t=179&view=previous	179	STL/Platespiller + Yanix/609:U Lounge/SUNDAY 13 NOV 2005	Event Listings	K_I_T
7	20060522224208	http://www.catalyticsouls.com/forums/viewtopic.php?t=180&view=previous	180	STL/ Miss J + Nosrail / 609:U Lounge / Monday 21 NOV 2005	Event Listings	K_I_T
7	20061107010707	http://www.catalyticsouls.com/forums/viewtopic.php?t=181&start=0&postdays=0&postorder=asc&highlight=	181	Midwest Breaks 11-13 tracklisting + download link	Past Events	Guest
7	20060522233637	http://www.catalyticsouls.com/forums/viewtopic.php?t=182&view=next	182	New Year's Eve Parties/Events	Discussion	dragonflybee
7	20060522224410	http://www.catalyticsouls.com/forums/viewtopic.php?t=183	183	Sundays Shows on www.ibreaks.co.uk!!!!!!!!!!!!!!!	Event Listings	Dj Derve
7	20060522233415	http://www.catalyticsouls.com/forums/viewtopic.php?t=185&view=next	185	Sunday Derve & Perplex to host on Midwest Breaks!!!!!!!!	Event Listings	Dj Derve
7	20060522223750	http://www.catalyticsouls.com/forums/viewtopic.php?t=186&view=next	186	Winter Warpdrive 12-15-05 Club Europe	Event Listings	Dj Derve
7	20060522233444	http://www.catalyticsouls.com/forums/viewtopic.php?t=187&view=next	187	Sunday 12-4-05 Derve & Angel Farringdon on Midwest Break	Event Listings	Dj Derve
7	20060522223841	http://www.catalyticsouls.com/forums/viewtopic.php?t=188&view=next	188	PanOptic Presents: Lee Coombs @ Ten14 :St. Louis, MO: 1.7.06	Event Listings	Ready
7	20060522223858	http://www.catalyticsouls.com/forums/viewtopic.php?t=190&view=next	190	Derve & Mitch Mitchum Host Midwest Breaks on SUNDAY	Event Listings	Dj Derve
7	20060522233422	http://www.catalyticsouls.com/forums/viewtopic.php?t=191&view=previous	191	Sunday Derve & Trippa to host Midwest Breaks on ibreaks	Event Listings	Dj Derve
7	20060522223338	http://www.catalyticsouls.com/forums/viewtopic.php?t=193&view=next	193	Riverfront Beats 6.0 March 24th Port Cape/Cape Girardeau MO	Event Listings	Dj Derve
7	20060522233043	http://www.catalyticsouls.com/forums/viewtopic.php?t=202&view=previous	202	Electric Soul coming back : Monthly Carbondale IL. posts	Event Listings	SpaceHead
7	20060522233048	http://www.catalyticsouls.com/forums/viewtopic.php?t=206&view=next	206	LIVE BANDS:Psyclon Nine + Helltrash:Tuesday21FEB2006	Event Listings	K_I_T
7	20060522224358	http://www.catalyticsouls.com/forums/viewtopic.php?t=207&view=previous	207	Dajamany+Jonah+HeavyweightZoundz::Thursday 2 FEB 2006	Event Listings	K_I_T
7	20060522233405	http://www.catalyticsouls.com/forums/viewtopic.php?t=208&view=next	208	Neiko + Patriquo :: 609:U Lounge ::Monday 30 JAN 2006	Event Listings	K_I_T
7	20060522225114	http://www.catalyticsouls.com/forums/viewtopic.php?t=210&view=previous	210	SPACEHEAD...	Discussion	K_I_T
7	20060522223739	http://www.catalyticsouls.com/forums/viewtopic.php?t=212&view=next	212	Miss J + Narcosis :: 609:U Lounge :: Monday 6 FEB 2006	Event Listings	K_I_T
7	20060522223322	http://www.catalyticsouls.com/forums/viewtopic.php?t=215&view=next	215	Narcosis+Jonah+Breakzilla::EuropeNiteClub::Thurs16FEB2006	Event Listings	K_I_T
7	20060522233221	http://www.catalyticsouls.com/forums/viewtopic.php?t=216&view=previous	216	Grant Walker + Patriquo :: 609:U Lounge :: Monday13 FEB 2006	Event Listings	K_I_T
7	20061107003758	http://www.catalyticsouls.com/forums/viewtopic.php?t=217	217	Tom Foolery	Discussion	K_I_T
7	20060522224949	http://www.catalyticsouls.com/forums/viewtopic.php?t=222&view=previous	222	United Junglist Massiv	Discussion	xanax4breakfast
7	20060522233108	http://www.catalyticsouls.com/forums/viewtopic.php?t=223&view=next	223	STL: DJ Nitro + DJ Butt Plug : 609:U Lounge :Monday27FEB2006	Event Listings	K_I_T
7	20060522223944	http://www.catalyticsouls.com/forums/viewtopic.php?t=224	224	STL: Scotty Mac + DJ Teretz::609:U Lounge::Monday 6 MAR 2006	Event Listings	K_I_T
7	20060522233207	http://www.catalyticsouls.com/forums/viewtopic.php?t=235&view=previous	235	Sunday March 19th Backdraft to guest on Midwest Breaks	Event Listings	Dj Derve
7	20061107003611	http://www.catalyticsouls.com/forums/viewtopic.php?t=239	239	Death Perpetuum Records (Gamet, Mumblz, S.V.S., Gremlinz+)	Discussion	svs
7	20060522224916	http://www.catalyticsouls.com/forums/viewtopic.php?t=243&view=previous	243	Darkland US/CANADA Tour (Summer 2006) Gremz, Mumblz, SVS, +	Discussion	svs
7	20060522223448	http://www.catalyticsouls.com/forums/viewtopic.php?t=246&view=previous	246	STL: Bernard Jones+Jason Ruff::609:U Lounge:Monday20MAR2006	Event Listings	K_I_T
7	20061107003723	http://www.catalyticsouls.com/forums/viewtopic.php?t=247&view=previous	247	oh my god Derve and Backdraft Tearin it up Download!!!	Discussion	Dj Derve
7	20060522233158	http://www.catalyticsouls.com/forums/viewtopic.php?t=248&view=previous	248	STL:TRANCETABILITY BREAKS:EuropeNiteClub:Thursday23March2006	Event Listings	K_I_T
7	20060522233723	http://www.catalyticsouls.com/forums/viewtopic.php?t=250&view=previous	250	Darkus show available for download!!!!!!!	Discussion	Dj Derve
7	20061107003156	http://www.catalyticsouls.com/forums/viewtopic.php?t=251&view=next	251	Deep Impact to guest on Midwest Breaks April 2nd!!!	Discussion	Dj Derve
7	20060522233230	http://www.catalyticsouls.com/forums/viewtopic.php?t=256&view=previous	256	STL: Mandie + Derve :: 609:U Lounge :: Monday 3 April 2006	Event Listings	K_I_T
7	20060522224857	http://www.catalyticsouls.com/forums/viewtopic.php?t=261&view=previous	261	10K Lakes Festival	Discussion	biscuitboy
7	20060522223540	http://www.catalyticsouls.com/forums/viewtopic.php?t=266&view=next	266	MIDWEST MIA ROLL CALL JUNE 9&10 PRESENTED BY SUR AMERI	Event Listings	patevil
7	20060522233241	http://www.catalyticsouls.com/forums/viewtopic.php?t=268&view=next	268	STL: Ken D + Jason Ruff : 609:U Lounge: Monday 10 April 2006	Event Listings	K_I_T
7	20060522223623	http://www.catalyticsouls.com/forums/viewtopic.php?t=269&view=next	269	Ft. Smith, AR Saturday April 15th :::Matrix::: @ Area 51	Event Listings	johnbourke
7	20060522223507	http://www.catalyticsouls.com/forums/viewtopic.php?t=270&view=previous	270	STL: PSYTRANCE: Miss J + Nosrial::609:U Lounge::Mon17APR2006	Event Listings	K_I_T
7	20060522233212	http://www.catalyticsouls.com/forums/viewtopic.php?t=278&view=next	278	REVIBE with D:Fuse This Friday	Event Listings	Justin_Sane
7	20060522233522	http://www.catalyticsouls.com/forums/viewtopic.php?t=279&view=previous	279	Joshua Tree Music Festival 5/19-5/21	Discussion	shakedown889
7	20060522224001	http://www.catalyticsouls.com/forums/viewtopic.php?t=280	280	STL /Mandie + Sam + Damian Maxwell/609:U Lounge/Mon24APR2006	Event Listings	K_I_T
7	20060522225622	http://www.catalyticsouls.com/forums/viewtopic.php?t=338	338	Feel Good Festival, 8/11-8/13	Discussion	gregshagger
7	20060522224048	http://www.catalyticsouls.com/forums/viewtopic.php?t=340	340	STL /Hexrated + Paul Maul /609:U Lounge /Monday 1 May 2006	Event Listings	K_I_T
7	20060522233113	http://www.catalyticsouls.com/forums/viewtopic.php?t=344&view=next	344	STL / Ready + Narcosis / 609:U Lounge / Monday 8 May 2006	Event Listings	K_I_T
7	20060522225012	http://www.catalyticsouls.com/forums/viewtopic.php?t=345&view=previous	345	Reperkushin - Switchin Off the Safety (S.0.S.) - DL here	Discussion	Reperkushin
7	20060522225706	http://www.catalyticsouls.com/forums/viewtopic.php?t=346	346	Wakarusa Here We ComeA MONTH AWAY!!!	Discussion	Feelngroovy0
7	20060522233539	http://www.catalyticsouls.com/forums/viewtopic.php?t=347&view=previous	347	play list	Discussion	TomSpenda
7	20060522233130	http://www.catalyticsouls.com/forums/viewtopic.php?t=353&view=previous	353	STL / Mandie + Jen Ha / 609:U Lounge / Monday 15 May 2006	Event Listings	K_I_T
7	20060522225822	http://www.catalyticsouls.com/forums/viewtopic.php?t=354	354	SOUL PHREAK for sale....cd.	Discussion	soulphreak
7	20060522225306	http://www.catalyticsouls.com/forums/viewtopic.php?t=355&view=next	355	SOUL PHREAK for sale....cd.	Discussion	soulphreak
7	20060522233646	http://www.catalyticsouls.com/forums/viewtopic.php?t=356&view=previous	356	$20 for Silver or Pink RAZR V3	Discussion	K_I_T
7	20060522223414	http://www.catalyticsouls.com/forums/viewtopic.php?t=362	362	Harmony Festival 6/09-6/11	Event Listings	darkstar00
7	20060522232904	http://www.catalyticsouls.com/forums/viewtopic.php?t=363	363	BORN IDLE SHOW 15MAY06 - OLD SKOOL!	Creative Zone	J-BASS
7	20060522233121	http://www.catalyticsouls.com/forums/viewtopic.php?t=364&view=next	364	STL / Patriquo + Den-E / 609:U Lounge / Monday 22 May 2006	Event Listings	K_I_T
7	20061107002612	http://www.catalyticsouls.com/forums/viewtopic.php?t=367&start=0	367	Download Derve and Hyper by 5/28!! Dont Miss it!!!!	Discussion	Dj Derve
7	20061106220911	http://www.catalyticsouls.com/forums/viewtopic.php?t=370&view=previous	370	STL / Karizma + Derve / 609:U Lounge / Monday 5 June 2006	Event Listings	K_I_T
7	20061106221336	http://www.catalyticsouls.com/forums/viewtopic.php?t=372&view=previous	372	COLUMBUS, OH - POTD Supertour 06	Event Listings	alex Forte
7	20061106222252	http://www.catalyticsouls.com/forums/viewtopic.php?t=374	374			
7	20061106221713	http://www.catalyticsouls.com/forums/viewtopic.php?t=379	379	STL / Toby + L-Dude + Mario/ 609:U Lounge / Mon 12 June 2006	Event Listings	K_I_T
7	20061106215137	http://www.catalyticsouls.com/forums/viewtopic.php?t=380	380			
7	20061106221342	http://www.catalyticsouls.com/forums/viewtopic.php?t=383	383	10KLF...can it get any better???	Event Listings	gregshagger
7	20061107003818	http://www.catalyticsouls.com/forums/viewtopic.php?t=386	386	I got a question	Discussion	i_have_lost_my_mind
7	20061106221817	http://www.catalyticsouls.com/forums/viewtopic.php?t=390	390	STL / Yanix + Vovka / 609:U Lounge / Monday 26 June 2006	Event Listings	K_I_T
7	20061106221658	http://www.catalyticsouls.com/forums/viewtopic.php?t=391	391	STL/ScottyMac + Whish + DamianMaxwell/609:U Lounge/3July2006	Event Listings	K_I_T
7	20061106222340	http://www.catalyticsouls.com/forums/viewtopic.php?t=393	393			
7	20061106214011	http://www.catalyticsouls.com/forums/viewtopic.php?t=394	394			
7	20061106221934	http://www.catalyticsouls.com/forums/viewtopic.php?t=397	397	STL / Matt_Beatz + LiquidGrin / 609:U Lounge / 10 July 2006	Event Listings	K_I_T
7	20061106214911	http://www.catalyticsouls.com/forums/viewtopic.php?t=398	398			
7	20061107003900	http://www.catalyticsouls.com/forums/viewtopic.php?t=400	400	10KLF Final Call	Discussion	gregshagger
7	20061106221952	http://www.catalyticsouls.com/forums/viewtopic.php?t=402	402	July 15 Indianapolis Midsummer Night's Dream Nigel Richards	Event Listings	Serendipity
7	20061106221830	http://www.catalyticsouls.com/forums/viewtopic.php?t=403	403	more shows??????	Event Listings	shakedown
7	20061106220820	http://www.catalyticsouls.com/forums/viewtopic.php?t=404	404			
7	20061106213927	http://www.catalyticsouls.com/forums/viewtopic.php?t=405&view=previous	405			
7	20061106214419	http://www.catalyticsouls.com/forums/viewtopic.php?t=406	406			
7	20061106221637	http://www.catalyticsouls.com/forums/viewtopic.php?t=407&view=next	407	Pickathon Roots Music Festival 8/4 - 8/5	Event Listings	darkstar00
7	20061106221407	http://www.catalyticsouls.com/forums/viewtopic.php?t=409	409	STL / Karizma + Jason Ruff / 609:U Lounge / Mon 17 July 2006	Event Listings	K_I_T
7	20061106221859	http://www.catalyticsouls.com/forums/viewtopic.php?t=410	410	STL / 'Just Let Go' / The Skatium / Saturday 15 July 2006	Event Listings	K_I_T
7	20061107003229	http://www.catalyticsouls.com/forums/viewtopic.php?t=411&view=previous	411	Feel Good Festival, 8/11-8/13	Discussion	Feelngroovy0
7	20061106221252	http://www.catalyticsouls.com/forums/viewtopic.php?t=412	412	STL/Shawn Harvick+Miss J+Patriquo/609:U Lounge/Mon24July2006	Event Listings	K_I_T
7	20061107003204	http://www.catalyticsouls.com/forums/viewtopic.php?t=414&view=next	414	Jason Tyler aka Dj Translucent	Discussion	rockerdj
7	20061106222055	http://www.catalyticsouls.com/forums/viewtopic.php?t=417	417	STL / Mark + Yanix + Ghettface / 609:U Lounge /Mon31July2006	Event Listings	K_I_T
7	20061106214551	http://www.catalyticsouls.com/forums/viewtopic.php?t=418&view=next	418			
7	20061106221937	http://www.catalyticsouls.com/forums/viewtopic.php?t=423	423	AUG 26TH INDIANAPOLIS-SOUND AFFECT w/ the Vanilla Gorillaz	Event Listings	Serendipity
7	20061106222041	http://www.catalyticsouls.com/forums/viewtopic.php?t=425	425	STL / Neiko + Meagy / 609:U Lounge / Mon 14 AUG 2006	Event Listings	K_I_T
7	20061106215829	http://www.catalyticsouls.com/forums/viewtopic.php?t=427&view=previous	427			
7	20061106221717	http://www.catalyticsouls.com/forums/viewtopic.php?t=428	428	8/13: Gary, Indiana-Beach House Music Fest=FREEEEEE	Event Listings	diskokitty
7	20061107002026	http://www.catalyticsouls.com/forums/viewtopic.php?t=429&start=0	429	The Spam on this board is out of control.	Discussion	FiSh
7	20061107003535	http://www.catalyticsouls.com/forums/viewtopic.php?t=430	430	Whens the next Festival???????	Discussion	head_trip2005
7	20061106214915	http://www.catalyticsouls.com/forums/viewtopic.php?t=431	431			
7	20061106214200	http://www.catalyticsouls.com/forums/viewtopic.php?t=432	432			
7	20061107010835	http://www.catalyticsouls.com/forums/viewtopic.php?t=436&start=0	436			
7	20061106221619	http://www.catalyticsouls.com/forums/viewtopic.php?t=442&view=next	442	(IL)Cabin Fever August-24-27th 2006 Canceled!	Event Listings	teknohippie
7	20061106215345	http://www.catalyticsouls.com/forums/viewtopic.php?t=443	443			
7	20061106215911	http://www.catalyticsouls.com/forums/viewtopic.php?t=458	458			
7	20061106222124	http://www.catalyticsouls.com/forums/viewtopic.php?t=465	465	Cabin Fever back on Saturday August 26th at the Complex stl	Event Listings	teknohippie
7	20061106221722	http://www.catalyticsouls.com/forums/viewtopic.php?t=471	471	STL /Toby + L-Dude + Dervish /609:U Lounge /Mon 28 AUG 2006	Event Listings	K_I_T
7	20061107003507	http://www.catalyticsouls.com/forums/viewtopic.php?t=473	473	Smaller Headie Festivals	Discussion	darkstar00
7	20061107003942	http://www.catalyticsouls.com/forums/viewtopic.php?t=484	484	Saline Records	Discussion	groove culture
7	20061107003145	http://www.catalyticsouls.com/forums/viewtopic.php?t=488	488	Youre Missing out.	Discussion	head_trip2005
7	20061107002103	http://www.catalyticsouls.com/forums/viewtopic.php?t=498&start=0&postdays=0&postorder=asc&highlight=	498	Download The Dervish Live at U-Lounge August 28th 2006	Discussion	teknohippie
7	20061107003415	http://www.catalyticsouls.com/forums/viewtopic.php?t=503	503	DJ Spree	Discussion	nova
7	20061107001137	http://www.catalyticsouls.com/forums/viewtopic.php?t=504&start=0&postdays=0&postorder=asc&highlight=	504	The 3rd Annual Las Vegas Universal Love Festival	Discussion	shakedown889
7	20061106221651	http://www.catalyticsouls.com/forums/viewtopic.php?t=505	505	Central,IN :: 10.6-8.06 :: PnI3 :: FreeEDMWeekendCelebration	Event Listings	spoololife
7	20061106222037	http://www.catalyticsouls.com/forums/viewtopic.php?t=549	549	STL /Ready+Derve+Bran /609:U Lounge/Monday 11 September 2006	Event Listings	K_I_T
7	20061107001636	http://www.catalyticsouls.com/forums/viewtopic.php?t=580&start=0	580	River Roots Live Festival 9/22-9/23	Discussion	darkstar00
7	20061107000607	http://www.catalyticsouls.com/forums/viewtopic.php?t=584&start=0&postdays=0&postorder=asc&highlight=	584	Kiss me!!! Kiss my...	Discussion	MissKatties
7	20061106221630	http://www.catalyticsouls.com/forums/viewtopic.php?t=595	595	SEPT 23rd KICKIN' IT w/ dj MONK & HALLUCINATION ON FILM	Event Listings	Serendipity
7	20061106215920	http://www.catalyticsouls.com/forums/viewtopic.php?t=596	596			
7	20061106221302	http://www.catalyticsouls.com/forums/viewtopic.php?t=597&view=next	597	11.3.06//CLUB RED//BIRMINGHAM//FEAT SHILOH	Event Listings	fitzpatrick
7	20061106215817	http://www.catalyticsouls.com/forums/viewtopic.php?t=600	600			
7	20061106221536	http://www.catalyticsouls.com/forums/viewtopic.php?t=606	606	STL/cush/Scotty Mac + Shawn Harvick/609:ULounge/FRI29SEP2006	Event Listings	K_I_T
7	20061106221610	http://www.catalyticsouls.com/forums/viewtopic.php?t=607	607	STL /Matt Beatz + Damian Maxwell /609:U Lounge /Mon18SEP2006	Event Listings	K_I_T
7	20061106221908	http://www.catalyticsouls.com/forums/viewtopic.php?t=611&view=next	611	STL / Jen-Z + Zoon / 609:U Lounge / Monday 25 September 2006	Event Listings	K_I_T
7	20061107004109	http://www.catalyticsouls.com/forums/viewtopic.php?t=612&view=next	612	sytrohs on catalytic souls	Discussion	sytrohs // riggz
7	20061107001723	http://www.catalyticsouls.com/forums/viewtopic.php?t=613&start=0	613	limewax at the upstairs	Discussion	sytrohs // riggz
7	20061106215231	http://www.catalyticsouls.com/forums/viewtopic.php?t=614	614			
7	20061106221558	http://www.catalyticsouls.com/forums/viewtopic.php?t=615&view=next	615	stl // limewax	Event Listings	sytrohs // riggz
7	20061106214323	http://www.catalyticsouls.com/forums/viewtopic.php?t=623&view=previous	623			
7	20061106221730	http://www.catalyticsouls.com/forums/viewtopic.php?t=626&view=next	626	sept. 30th	Event Listings	shakedown
7	20061106222007	http://www.catalyticsouls.com/forums/viewtopic.php?t=634	634	friday the 13th, jackson	Event Listings	Tommy Gunns
7	20061106222559	http://www.catalyticsouls.com/forums/viewtopic.php?t=717	717			
7	20061106222656	http://www.catalyticsouls.com/forums/viewtopic.php?t=725	725			
7	20061106222624	http://www.catalyticsouls.com/forums/viewtopic.php?t=734	734			
7	20061106213115	http://www.catalyticsouls.com/forums/viewtopic.php?t=742	742			
7	20061106221948	http://www.catalyticsouls.com/forums/viewtopic.php?t=754	754	10/28 SUBTERRA LOUNGE- Devilish w/ Diskokitty= indianapolis	Event Listings	diskokitty
7	20061106220950	http://www.catalyticsouls.com/forums/viewtopic.php?t=779&view=previous	779	**BarnYard Boogie 5** Nov. 4th, 2006 Coming at cha!!!!!	Event Listings	toymaker
7	20061107004132	http://www.catalyticsouls.com/forums/viewtopic.php?t=810&start=0	810	"Invasion" by Mickey Nightrain (mp3 release)	Discussion	groove culture
7	20061106222514	http://www.catalyticsouls.com/forums/viewtopic.php?t=811	811			
7	20061106213130	http://www.catalyticsouls.com/forums/viewtopic.php?t=821	821			
7	20061106214120	http://www.catalyticsouls.com/forums/viewtopic.php?t=822	822			
7	20061106221216	http://www.catalyticsouls.com/forums/viewtopic.php?t=832	832	Dervish and Damian Maxwell Oct 30th ULounge	Event Listings	teknohippie
7	20061106221431	http://www.catalyticsouls.com/forums/viewtopic.php?t=835	835	10.27.2006 // FLY + Kenny Bobien // Upstairs Lounge STL	Event Listings	Scotty Mac
7	20061106221921	http://www.catalyticsouls.com/forums/viewtopic.php?t=836	836	11.10.2006 // FLY + Karizma // Upstairs Lounge STL	Event Listings	Scotty Mac
7	20061106221038	http://www.catalyticsouls.com/forums/viewtopic.php?t=837&view=previous	837	11.24.2006 // FLY + Tyrone Francis // Upstairs Lounge STL	Event Listings	Scotty Mac
7	20061106221734	http://www.catalyticsouls.com/forums/viewtopic.php?t=838	838	11.03.2006 // FUSION + Scotty Mac // Atomic Cowboy STL	Event Listings	Scotty Mac
7	20061106221242	http://www.catalyticsouls.com/forums/viewtopic.php?t=839&view=previous	839	11.04.2006 // SCUBA + Scotty Mac // Mercury STL	Event Listings	Scotty Mac
7	20061106220929	http://www.catalyticsouls.com/forums/viewtopic.php?t=841&view=previous	841	11.11.2006 // PHYS ED + Scotty Mac // Lucas School House STL	Event Listings	Scotty Mac
7	20061106214450	http://www.catalyticsouls.com/forums/viewtopic.php?t=842&view=next	842			
7	20061107001838	http://www.catalyticsouls.com/forums/viewtopic.php?t=843&start=0&postdays=0&postorder=asc&highlight=	843	Chart Returns	Discussion	Scotty Mac
7	20061107000955	http://www.catalyticsouls.com/forums/viewtopic.php?t=875&start=0	875	Everything is Automatic.	Discussion	loikrso
7	20061107002338	http://www.catalyticsouls.com/forums/viewtopic.php?t=876&start=0	876	"If you're into substance abuse and you take enough Som	Discussion	cheap_order_soma
7	20061106213317	http://www.catalyticsouls.com/forums/viewtopic.php?t=877	877			
7	20061106222859	http://www.catalyticsouls.com/forums/viewtopic.php?t=878	878			
7	20061106222132	http://www.catalyticsouls.com/forums/viewtopic.php?t=885	885			
7	20061107010642	http://www.catalyticsouls.com/forums/viewtopic.php?t=886&start=0&postdays=0&postorder=asc&highlight=	886			
7	20061107002543	http://www.catalyticsouls.com/forums/viewtopic.php?t=887&start=0&postdays=0&postorder=asc&highlight=	887	It just keeps on growing	Discussion	Philosof
7	20061107001250	http://www.catalyticsouls.com/forums/viewtopic.php?t=888&start=0	888	My biz is that true	Discussion	PurgoMetka
7	20061106222708	http://www.catalyticsouls.com/forums/viewtopic.php?t=890&view=previous	890	adrienne barbeau	The Spirit Of Ozz 10/21-22	Poander40
7	20061106222847	http://www.catalyticsouls.com/forums/viewtopic.php?t=891&view=previous	891			
7	20061106220506	http://www.catalyticsouls.com/forums/viewtopic.php?t=893&view=previous	893			
7	20061107002822	http://www.catalyticsouls.com/forums/viewtopic.php?t=894&start=0	894	built like a baby	Discussion	ArtisticStudy
7	20061106222345	http://www.catalyticsouls.com/forums/viewtopic.php?t=896	896			
7	20061106222825	http://www.catalyticsouls.com/forums/viewtopic.php?t=897	897			
7	20061107001905	http://www.catalyticsouls.com/forums/viewtopic.php?t=898&start=0	898	Winter Music Conference	Discussion	inkaddict1979
7	20061106222149	http://www.catalyticsouls.com/forums/viewtopic.php?t=901	901			
7	20061106215209	http://www.catalyticsouls.com/forums/viewtopic.php?t=902	902			
7	20061107001231	http://www.catalyticsouls.com/forums/viewtopic.php?t=910&start=0	910	The best windows antivirus for pc	Discussion	MarrientesAD
7	20061107004008	http://www.catalyticsouls.com/forums/viewtopic.php?t=911&start=0	911	Important! Safety warning for men	Discussion	Spella85
7	20061107001332	http://www.catalyticsouls.com/forums/viewtopic.php?t=913&start=0&postdays=0&postorder=asc&highlight=	913	Best sites when you can find whatever you wont!	Discussion	MartinGiffler83
7	20061107002200	http://www.catalyticsouls.com/forums/viewtopic.php?t=916&view=previous	916	The Cardiologist's Funeral	Discussion	SecondAgent
7	20061107002229	http://www.catalyticsouls.com/forums/viewtopic.php?t=917&start=0	917	help in russian	Discussion	Mishail09
7	20061106222358	http://www.catalyticsouls.com/forums/viewtopic.php?t=919	919			
7	20061106213955	http://www.catalyticsouls.com/forums/viewtopic.php?t=920	920			
7	20061106222821	http://www.catalyticsouls.com/forums/viewtopic.php?t=921	921			
7	20061106222526	http://www.catalyticsouls.com/forums/viewtopic.php?t=923	923			
7	20061106214636	http://www.catalyticsouls.com/forums/viewtopic.php?t=926	926			
7	20061106222627	http://www.catalyticsouls.com/forums/viewtopic.php?t=927	927			
7	20061106214046	http://www.catalyticsouls.com/forums/viewtopic.php?t=930	930			
7	20061106220803	http://www.catalyticsouls.com/forums/viewtopic.php?t=931	931			
7	20061106214147	http://www.catalyticsouls.com/forums/viewtopic.php?t=935	935			
7	20061106214152	http://www.catalyticsouls.com/forums/viewtopic.php?t=936	936			
7	20061106222753	http://www.catalyticsouls.com/forums/viewtopic.php?t=943	943	Shakira fun site!	The Spirit Of Ozz 10/21-22	Tertard
7	20061107004154	http://www.catalyticsouls.com/forums/viewtopic.php?t=950&start=0	950	Asking How to	Discussion	MilkaDE
7	20061107000654	http://www.catalyticsouls.com/forums/viewtopic.php?t=951&start=0&postdays=0&postorder=asc&highlight=	951	Ex Pat Work	Discussion	Jimbopotts
7	20061107001525	http://www.catalyticsouls.com/forums/viewtopic.php?t=958&start=0&postdays=0&postorder=asc&highlight=	958	Dear Gentlemans, any ideas what to do with all that dayly fr	Discussion	LovelyTeen_nikki
7	20061107001544	http://www.catalyticsouls.com/forums/viewtopic.php?t=962&view=next	962	Helo from Singapore girl! :)	Discussion	Sandra_18X
7	20061107001438	http://www.catalyticsouls.com/forums/viewtopic.php?t=964&start=0	964	Not long to xmas	Discussion	SarahHarrison
7	20061107000748	http://www.catalyticsouls.com/forums/viewtopic.php?t=966&view=previous	966	havirone sinjore fantosa	Discussion	wwerrtt
7	20061107000725	http://www.catalyticsouls.com/forums/viewtopic.php?t=967&start=0&postdays=0&postorder=asc&highlight=	967	Smoking stop ways	Discussion	gmmCRtplB
7	20061106222137	http://www.catalyticsouls.com/forums/viewtopic.php?t=969	969			
7	20061106222802	http://www.catalyticsouls.com/forums/viewtopic.php?t=970	970	Danity Kane r@ped movie!	The Spirit Of Ozz 10/21-22	Pojoder5
7	20061107002647	http://www.catalyticsouls.com/forums/viewtopic.php?t=971&start=0	971	Sounds of the Wild	Discussion	OnSomebody
7	20061107002709	http://www.catalyticsouls.com/forums/viewtopic.php?t=972&start=0	972	Trophy Wife	Discussion	Canclersha
7	20061107001503	http://www.catalyticsouls.com/forums/viewtopic.php?t=974&start=0	974	banks, stock, pay day	Discussion	n0fakes
7	20061107002848	http://www.catalyticsouls.com/forums/viewtopic.php?t=976&start=0&postdays=0&postorder=asc&highlight=	976	Some usefull stuff	Discussion	katieforster
7	20061106220703	http://www.catalyticsouls.com/forums/viewtopic.php?t=978	978			
7	20061107001306	http://www.catalyticsouls.com/forums/viewtopic.php?t=980&start=0&postdays=0&postorder=asc&highlight=	980	Helper the same as to do	Discussion	PronoVI
7	20061106222954	http://www.catalyticsouls.com/forums/viewtopic.php?t=983&start=0&postdays=0&postorder=asc&highlight=	983	Lox eto sudba!	Discussion	LoxEtoSudba
7	20070704121250	http://www.catalyticsouls.com:80/forums/viewtopic.php?t=7035	7035			
8	20060522223342	http://www.catalyticsouls.com/forums/viewtopic.php?p=998				
8	20060522223351	http://www.catalyticsouls.com/forums/viewtopic.php?p=1054				
8	20060522223419	http://www.catalyticsouls.com/forums/viewtopic.php?p=799				
8	20060522223424	http://www.catalyticsouls.com/forums/viewtopic.php?p=691				
8	20060522223516	http://www.catalyticsouls.com/forums/viewtopic.php?p=923				
8	20060522223559	http://www.catalyticsouls.com/forums/viewtopic.php?p=700				
8	20060522223630	http://www.catalyticsouls.com/forums/viewtopic.php?p=875				
8	20060522223656	http://www.catalyticsouls.com/forums/viewtopic.php?p=685				
8	20060522223801	http://www.catalyticsouls.com/forums/viewtopic.php?p=781				
8	20060522223806	http://www.catalyticsouls.com/forums/viewtopic.php?p=765				
8	20060522223847	http://www.catalyticsouls.com/forums/viewtopic.php?p=701				
8	20060522223851	http://www.catalyticsouls.com/forums/viewtopic.php?p=725				
8	20060522223912	http://www.catalyticsouls.com/forums/viewtopic.php?p=919				
8	20060522223922	http://www.catalyticsouls.com/forums/viewtopic.php?p=823				
8	20060522223926	http://www.catalyticsouls.com/forums/viewtopic.php?p=804				
8	20060522223948	http://www.catalyticsouls.com/forums/viewtopic.php?p=679				
8	20060522223952	http://www.catalyticsouls.com/forums/viewtopic.php?p=674				
8	20060522224037	http://www.catalyticsouls.com/forums/viewtopic.php?p=686				
8	20060522224044	http://www.catalyticsouls.com/forums/viewtopic.php?p=876				
8	20060522224056	http://www.catalyticsouls.com/forums/viewtopic.php?p=904				
8	20060522224104	http://www.catalyticsouls.com/forums/viewtopic.php?p=688				
8	20060522224138	http://www.catalyticsouls.com/forums/viewtopic.php?p=1056				
8	20060522224142	http://www.catalyticsouls.com/forums/viewtopic.php?p=900				
8	20060522224145	http://www.catalyticsouls.com/forums/viewtopic.php?p=764				
8	20060522224157	http://www.catalyticsouls.com/forums/viewtopic.php?p=727				
8	20060522224201	http://www.catalyticsouls.com/forums/viewtopic.php?p=694				
8	20060522224212	http://www.catalyticsouls.com/forums/viewtopic.php?p=693				
8	20060522224219	http://www.catalyticsouls.com/forums/viewtopic.php?p=717				
8	20060522224235	http://www.catalyticsouls.com/forums/viewtopic.php?p=678				
8	20060522224248	http://www.catalyticsouls.com/forums/viewtopic.php?p=909				
8	20060522224253	http://www.catalyticsouls.com/forums/viewtopic.php?p=719				
8	20060522224256	http://www.catalyticsouls.com/forums/viewtopic.php?p=858				
8	20060522224309	http://www.catalyticsouls.com/forums/viewtopic.php?p=786				
8	20060522224324	http://www.catalyticsouls.com/forums/viewtopic.php?p=895				
8	20060522224334	http://www.catalyticsouls.com/forums/viewtopic.php?p=775				
8	20060522224338	http://www.catalyticsouls.com/forums/viewtopic.php?p=1023				
8	20060522224351	http://www.catalyticsouls.com/forums/viewtopic.php?p=752				
8	20060522224417	http://www.catalyticsouls.com/forums/viewtopic.php?p=681				
8	20060522224421	http://www.catalyticsouls.com/forums/viewtopic.php?p=753				
8	20060522224430	http://www.catalyticsouls.com/forums/viewtopic.php?p=879				
8	20060522224435	http://www.catalyticsouls.com/forums/viewtopic.php?p=680				
8	20060522224439	http://www.catalyticsouls.com/forums/viewtopic.php?p=720				
8	20060522224443	http://www.catalyticsouls.com/forums/viewtopic.php?p=985				
8	20060522224547	http://www.catalyticsouls.com/forums/viewtopic.php?p=573				
8	20060522224607	http://www.catalyticsouls.com/forums/viewtopic.php?p=627				
8	20060522224634	http://www.catalyticsouls.com/forums/viewtopic.php?p=609				
8	20060522224638	http://www.catalyticsouls.com/forums/viewtopic.php?p=522				
8	20060522224707	http://www.catalyticsouls.com/forums/viewtopic.php?p=515				
8	20060522224747	http://www.catalyticsouls.com/forums/viewtopic.php?p=399				
8	20060522224759	http://www.catalyticsouls.com/forums/viewtopic.php?p=416				
8	20060522224828	http://www.catalyticsouls.com/forums/viewtopic.php?p=429				
8	20060522224832	http://www.catalyticsouls.com/forums/viewtopic.php?p=606				
8	20060522224844	http://www.catalyticsouls.com/forums/viewtopic.php?p=713				
8	20060522224902	http://www.catalyticsouls.com/forums/viewtopic.php?p=1008				
8	20060522224919	http://www.catalyticsouls.com/forums/viewtopic.php?p=381				
8	20060522224959	http://www.catalyticsouls.com/forums/viewtopic.php?p=921				
8	20060522225017	http://www.catalyticsouls.com/forums/viewtopic.php?p=702				
8	20060522225059	http://www.catalyticsouls.com/forums/viewtopic.php?p=846				
8	20060522225103	http://www.catalyticsouls.com/forums/viewtopic.php?p=437				
8	20060522225126	http://www.catalyticsouls.com/forums/viewtopic.php?p=829				
8	20060522225140	http://www.catalyticsouls.com/forums/viewtopic.php?p=1009				
8	20060522225149	http://www.catalyticsouls.com/forums/viewtopic.php?p=1032				
8	20060522225214	http://www.catalyticsouls.com/forums/viewtopic.php?p=772				
8	20060522225229	http://www.catalyticsouls.com/forums/viewtopic.php?p=692				
8	20060522225235	http://www.catalyticsouls.com/forums/viewtopic.php?p=341				
8	20060522225248	http://www.catalyticsouls.com/forums/viewtopic.php?p=284				
8	20060522225310	http://www.catalyticsouls.com/forums/viewtopic.php?p=1029				
8	20060522225318	http://www.catalyticsouls.com/forums/viewtopic.php?p=712				
8	20060522225330	http://www.catalyticsouls.com/forums/viewtopic.php?p=349				
8	20060522225334	http://www.catalyticsouls.com/forums/viewtopic.php?p=418				
8	20060522225338	http://www.catalyticsouls.com/forums/viewtopic.php?p=759				
8	20060522225348	http://www.catalyticsouls.com/forums/viewtopic.php?p=500				
8	20060522225357	http://www.catalyticsouls.com/forums/viewtopic.php?p=839				
8	20060522225442	http://www.catalyticsouls.com/forums/viewtopic.php?p=797				
8	20060522225446	http://www.catalyticsouls.com/forums/viewtopic.php?p=635				
8	20060522225450	http://www.catalyticsouls.com/forums/viewtopic.php?p=670				
8	20060522225502	http://www.catalyticsouls.com/forums/viewtopic.php?p=762				
8	20060522225551	http://www.catalyticsouls.com/forums/viewtopic.php?p=779				
8	20060522225608	http://www.catalyticsouls.com/forums/viewtopic.php?p=455				
8	20060522225614	http://www.catalyticsouls.com/forums/viewtopic.php?p=460				
8	20060522225630	http://www.catalyticsouls.com/forums/viewtopic.php?p=530				
8	20060522225646	http://www.catalyticsouls.com/forums/viewtopic.php?p=863				
8	20060522225652	http://www.catalyticsouls.com/forums/viewtopic.php?p=1043				
8	20060522225715	http://www.catalyticsouls.com/forums/viewtopic.php?p=881				
8	20060522225719	http://www.catalyticsouls.com/forums/viewtopic.php?p=1028				
8	20060522225757	http://www.catalyticsouls.com/forums/viewtopic.php?p=426				
8	20060522225804	http://www.catalyticsouls.com/forums/viewtopic.php?p=837				
8	20060522225830	http://www.catalyticsouls.com/forums/viewtopic.php?p=1042				
8	20060522225854	http://www.catalyticsouls.com/forums/viewtopic.php?p=677				
8	20060522225903	http://www.catalyticsouls.com/forums/viewtopic.php?p=920				
8	20060522225911	http://www.catalyticsouls.com/forums/viewtopic.php?p=870				
8	20060522225947	http://www.catalyticsouls.com/forums/viewtopic.php?p=996				
8	20060522225959	http://www.catalyticsouls.com/forums/viewtopic.php?p=503				
8	20060522230015	http://www.catalyticsouls.com/forums/viewtopic.php?p=655				
8	20060522230021	http://www.catalyticsouls.com/forums/viewtopic.php?p=224				
8	20060522230035	http://www.catalyticsouls.com/forums/viewtopic.php?p=1025				
8	20060522230052	http://www.catalyticsouls.com/forums/viewtopic.php?p=5				
8	20060522230137	http://www.catalyticsouls.com/forums/viewtopic.php?p=58				
8	20060522230209	http://www.catalyticsouls.com/forums/viewtopic.php?p=201				
8	20060522230213	http://www.catalyticsouls.com/forums/viewtopic.php?p=647				
8	20060522230251	http://www.catalyticsouls.com/forums/viewtopic.php?p=774				
8	20060522230309	http://www.catalyticsouls.com/forums/viewtopic.php?p=656				
8	20060522230312	http://www.catalyticsouls.com/forums/viewtopic.php?p=614				
8	20060522230345	http://www.catalyticsouls.com/forums/viewtopic.php?p=902				
8	20060522230400	http://www.catalyticsouls.com/forums/viewtopic.php?p=648				
8	20060522230416	http://www.catalyticsouls.com/forums/viewtopic.php?p=327				
8	20060522230424	http://www.catalyticsouls.com/forums/viewtopic.php?p=375				
8	20060522230442	http://www.catalyticsouls.com/forums/viewtopic.php?p=374				
8	20060522230501	http://www.catalyticsouls.com/forums/viewtopic.php?p=755				
8	20060522230505	http://www.catalyticsouls.com/forums/viewtopic.php?p=616				
8	20060522230509	http://www.catalyticsouls.com/forums/viewtopic.php?p=46				
8	20060522230525	http://www.catalyticsouls.com/forums/viewtopic.php?p=90				
8	20060522230548	http://www.catalyticsouls.com/forums/viewtopic.php?p=925				
8	20060522230557	http://www.catalyticsouls.com/forums/viewtopic.php?p=82				
8	20060522230619	http://www.catalyticsouls.com/forums/viewtopic.php?p=1024				
8	20060522230641	http://www.catalyticsouls.com/forums/viewtopic.php?p=510				
8	20060522230704	http://www.catalyticsouls.com/forums/viewtopic.php?p=323				
8	20060522230708	http://www.catalyticsouls.com/forums/viewtopic.php?p=43				
8	20060522230712	http://www.catalyticsouls.com/forums/viewtopic.php?p=266				
8	20060522230724	http://www.catalyticsouls.com/forums/viewtopic.php?p=926				
8	20060522230729	http://www.catalyticsouls.com/forums/viewtopic.php?p=7				
8	20060522230733	http://www.catalyticsouls.com/forums/viewtopic.php?p=676				
8	20060522230804	http://www.catalyticsouls.com/forums/viewtopic.php?p=1051				
8	20060522230825	http://www.catalyticsouls.com/forums/viewtopic.php?p=1062				
8	20060522230844	http://www.catalyticsouls.com/forums/viewtopic.php?p=997				
8	20060522230910	http://www.catalyticsouls.com/forums/viewtopic.php?p=708				
8	20060522230918	http://www.catalyticsouls.com/forums/viewtopic.php?p=785				
8	20060522230951	http://www.catalyticsouls.com/forums/viewtopic.php?p=301				
8	20060522231017	http://www.catalyticsouls.com/forums/viewtopic.php?p=157				
8	20060522231032	http://www.catalyticsouls.com/forums/viewtopic.php?p=320				
8	20060522231041	http://www.catalyticsouls.com/forums/viewtopic.php?p=707				
8	20060522231100	http://www.catalyticsouls.com/forums/viewtopic.php?p=405				
8	20060522231121	http://www.catalyticsouls.com/forums/viewtopic.php?p=714				
8	20060522231136	http://www.catalyticsouls.com/forums/viewtopic.php?p=835				
8	20060522231141	http://www.catalyticsouls.com/forums/viewtopic.php?p=248				
8	20060522231150	http://www.catalyticsouls.com/forums/viewtopic.php?p=617				
8	20060522231210	http://www.catalyticsouls.com/forums/viewtopic.php?p=439				
8	20060522231224	http://www.catalyticsouls.com/forums/viewtopic.php?p=281				
8	20060522231246	http://www.catalyticsouls.com/forums/viewtopic.php?p=441				
8	20060522231255	http://www.catalyticsouls.com/forums/viewtopic.php?p=230				
8	20060522231322	http://www.catalyticsouls.com/forums/viewtopic.php?p=440				
8	20060522231326	http://www.catalyticsouls.com/forums/viewtopic.php?p=227				
8	20060522231341	http://www.catalyticsouls.com/forums/viewtopic.php?p=207				
8	20060522231344	http://www.catalyticsouls.com/forums/viewtopic.php?p=878				
8	20060522231356	http://www.catalyticsouls.com/forums/viewtopic.php?p=613				
8	20060522231411	http://www.catalyticsouls.com/forums/viewtopic.php?p=491				
8	20060522231420	http://www.catalyticsouls.com/forums/viewtopic.php?p=789				
8	20060522231424	http://www.catalyticsouls.com/forums/viewtopic.php?p=205				
8	20060522231447	http://www.catalyticsouls.com/forums/viewtopic.php?p=377				
8	20060522231450	http://www.catalyticsouls.com/forums/viewtopic.php?p=778				
8	20060522231502	http://www.catalyticsouls.com/forums/viewtopic.php?p=984				
8	20060522232849	http://www.catalyticsouls.com/forums/viewtopic.php?p=1055				
8	20060522232942	http://www.catalyticsouls.com/forums/viewtopic.php?p=1050				
8	20060522232958	http://www.catalyticsouls.com/forums/viewtopic.php?p=782				
8	20060618132103	http://catalyticsouls.com:80/forums/viewtopic.php?p=822				
8	20061106204719	http://www.catalyticsouls.com/forums/viewtopic.php?p=2062				
8	20061106204809	http://www.catalyticsouls.com/forums/viewtopic.php?p=2244				
8	20061106204827	http://www.catalyticsouls.com/forums/viewtopic.php?p=2317				
8	20061106205002	http://www.catalyticsouls.com/forums/viewtopic.php?p=2285				
8	20061106205005	http://www.catalyticsouls.com/forums/viewtopic.php?p=2125				
8	20061106205009	http://www.catalyticsouls.com/forums/viewtopic.php?p=2319				
8	20061106205023	http://www.catalyticsouls.com/forums/viewtopic.php?p=2236				
8	20061106205100	http://www.catalyticsouls.com/forums/viewtopic.php?p=2368				
8	20061106205108	http://www.catalyticsouls.com/forums/viewtopic.php?p=2387				
8	20061106205117	http://www.catalyticsouls.com/forums/viewtopic.php?p=2350				
8	20061106205146	http://www.catalyticsouls.com/forums/viewtopic.php?p=2363				
8	20061106205158	http://www.catalyticsouls.com/forums/viewtopic.php?p=2304				
8	20061106205215	http://www.catalyticsouls.com/forums/viewtopic.php?p=2376				
8	20061106205232	http://www.catalyticsouls.com/forums/viewtopic.php?p=2402				
8	20061106205240	http://www.catalyticsouls.com/forums/viewtopic.php?p=2255				
8	20061106205256	http://www.catalyticsouls.com/forums/viewtopic.php?p=2239				
8	20061106205309	http://www.catalyticsouls.com/forums/viewtopic.php?p=2241				
8	20061106205332	http://www.catalyticsouls.com/forums/viewtopic.php?p=2364				
8	20061106205420	http://www.catalyticsouls.com/forums/viewtopic.php?p=2252				
8	20061106205436	http://www.catalyticsouls.com/forums/viewtopic.php?p=2257				
8	20061106205453	http://www.catalyticsouls.com/forums/viewtopic.php?p=2351				
8	20061106205506	http://www.catalyticsouls.com/forums/viewtopic.php?p=2242				
8	20061106205522	http://www.catalyticsouls.com/forums/viewtopic.php?p=2372				
8	20061106205545	http://www.catalyticsouls.com/forums/viewtopic.php?p=2237				
8	20061106205557	http://www.catalyticsouls.com/forums/viewtopic.php?p=2248				
8	20061106205611	http://www.catalyticsouls.com/forums/viewtopic.php?p=2256				
8	20061106205618	http://www.catalyticsouls.com/forums/viewtopic.php?p=2347				
8	20061106205624	http://www.catalyticsouls.com/forums/viewtopic.php?p=2396				
8	20061106205630	http://www.catalyticsouls.com/forums/viewtopic.php?p=2359				
8	20061106205640	http://www.catalyticsouls.com/forums/viewtopic.php?p=2334				
8	20061106205704	http://www.catalyticsouls.com/forums/viewtopic.php?p=2296				
8	20061106205713	http://www.catalyticsouls.com/forums/viewtopic.php?p=2371				
8	20061106205736	http://www.catalyticsouls.com/forums/viewtopic.php?p=2352				
8	20061106205742	http://www.catalyticsouls.com/forums/viewtopic.php?p=2283				
8	20061106205751	http://www.catalyticsouls.com/forums/viewtopic.php?p=2349				
8	20061106205828	http://www.catalyticsouls.com/forums/viewtopic.php?p=2379				
8	20061106205846	http://www.catalyticsouls.com/forums/viewtopic.php?p=2378				
8	20061106205850	http://www.catalyticsouls.com/forums/viewtopic.php?p=2297				
8	20061106205855	http://www.catalyticsouls.com/forums/viewtopic.php?p=2370				
8	20061106205859	http://www.catalyticsouls.com/forums/viewtopic.php?p=2381				
8	20061106205914	http://www.catalyticsouls.com/forums/viewtopic.php?p=2289				
8	20061106205919	http://www.catalyticsouls.com/forums/viewtopic.php?p=2253				
8	20061106205940	http://www.catalyticsouls.com/forums/viewtopic.php?p=2369				
8	20061106205944	http://www.catalyticsouls.com/forums/viewtopic.php?p=2328				
8	20061106205951	http://www.catalyticsouls.com/forums/viewtopic.php?p=2394				
8	20061106205956	http://www.catalyticsouls.com/forums/viewtopic.php?p=2240				
8	20061106210005	http://www.catalyticsouls.com/forums/viewtopic.php?p=2276				
8	20061106210023	http://www.catalyticsouls.com/forums/viewtopic.php?p=2358				
8	20061106210030	http://www.catalyticsouls.com/forums/viewtopic.php?p=2290				
8	20061106210055	http://www.catalyticsouls.com/forums/viewtopic.php?p=2365				
8	20061106210108	http://www.catalyticsouls.com/forums/viewtopic.php?p=2295				
8	20061106210113	http://www.catalyticsouls.com/forums/viewtopic.php?p=1673				
8	20061106210123	http://www.catalyticsouls.com/forums/viewtopic.php?p=2361				
8	20061106210129	http://www.catalyticsouls.com/forums/viewtopic.php?p=2284				
8	20061106210145	http://www.catalyticsouls.com/forums/viewtopic.php?p=2403				
8	20061106211448	http://www.catalyticsouls.com/forums/viewtopic.php?p=2385				
8	20061106211507	http://www.catalyticsouls.com/forums/viewtopic.php?p=2245				
8	20061106211525	http://www.catalyticsouls.com/forums/viewtopic.php?p=1485				
8	20061106211534	http://www.catalyticsouls.com/forums/viewtopic.php?p=2300				
8	20061106211543	http://www.catalyticsouls.com/forums/viewtopic.php?p=2401				
8	20061106211554	http://www.catalyticsouls.com/forums/viewtopic.php?p=2303				
8	20061106211650	http://www.catalyticsouls.com/forums/viewtopic.php?p=1612				
8	20061106211657	http://www.catalyticsouls.com/forums/viewtopic.php?p=2395				
8	20061106211709	http://www.catalyticsouls.com/forums/viewtopic.php?p=2373				
8	20061106211738	http://www.catalyticsouls.com/forums/viewtopic.php?p=1691				
8	20061106211813	http://www.catalyticsouls.com/forums/viewtopic.php?p=1694				
8	20061106211827	http://www.catalyticsouls.com/forums/viewtopic.php?p=1928				
8	20061106211840	http://www.catalyticsouls.com/forums/viewtopic.php?p=1688				
8	20061106211908	http://www.catalyticsouls.com/forums/viewtopic.php?p=2267				
8	20061106212019	http://www.catalyticsouls.com/forums/viewtopic.php?p=2160				
8	20061106212101	http://www.catalyticsouls.com/forums/viewtopic.php?p=2398				
8	20061106212123	http://www.catalyticsouls.com/forums/viewtopic.php?p=2309				
8	20061106212131	http://www.catalyticsouls.com/forums/viewtopic.php?p=2254				
8	20061106212139	http://www.catalyticsouls.com/forums/viewtopic.php?p=2263				
8	20061106212147	http://www.catalyticsouls.com/forums/viewtopic.php?p=2246				
8	20061106212159	http://www.catalyticsouls.com/forums/viewtopic.php?p=2343				
8	20061106212221	http://www.catalyticsouls.com/forums/viewtopic.php?p=2383				
8	20061106212258	http://www.catalyticsouls.com/forums/viewtopic.php?p=1710				
8	20061106212317	http://www.catalyticsouls.com/forums/viewtopic.php?p=2282				
8	20061106212320	http://www.catalyticsouls.com/forums/viewtopic.php?p=2397				
8	20061106212328	http://www.catalyticsouls.com/forums/viewtopic.php?p=2260				
8	20061106212344	http://www.catalyticsouls.com/forums/viewtopic.php?p=2301				
8	20061106212356	http://www.catalyticsouls.com/forums/viewtopic.php?p=1989				
8	20061106212423	http://www.catalyticsouls.com/forums/viewtopic.php?p=2400				
8	20061106212441	http://www.catalyticsouls.com/forums/viewtopic.php?p=2404				
8	20061106212444	http://www.catalyticsouls.com/forums/viewtopic.php?p=2357				
8	20061106212448	http://www.catalyticsouls.com/forums/viewtopic.php?p=2332				
8	20061106212452	http://www.catalyticsouls.com/forums/viewtopic.php?p=2380				
8	20061106212455	http://www.catalyticsouls.com/forums/viewtopic.php?p=2374				
8	20061106212459	http://www.catalyticsouls.com/forums/viewtopic.php?p=2367				
8	20061106212507	http://www.catalyticsouls.com/forums/viewtopic.php?p=2375				
8	20061106212530	http://www.catalyticsouls.com/forums/viewtopic.php?p=2362				
8	20061106212533	http://www.catalyticsouls.com/forums/viewtopic.php?p=2392				
8	20061106212600	http://www.catalyticsouls.com/forums/viewtopic.php?p=2154				
8	20061106212619	http://www.catalyticsouls.com/forums/viewtopic.php?p=2384				
8	20061106212626	http://www.catalyticsouls.com/forums/viewtopic.php?p=2306				
8	20061106212645	http://www.catalyticsouls.com/forums/viewtopic.php?p=2366				
8	20061106212649	http://www.catalyticsouls.com/forums/viewtopic.php?p=2353				
8	20061106212654	http://www.catalyticsouls.com/forums/viewtopic.php?p=2272				
8	20061106212658	http://www.catalyticsouls.com/forums/viewtopic.php?p=1686				
8	20061106212702	http://www.catalyticsouls.com/forums/viewtopic.php?p=2393				
8	20061106212705	http://www.catalyticsouls.com/forums/viewtopic.php?p=2382				
8	20061106212712	http://www.catalyticsouls.com/forums/viewtopic.php?p=2264				
8	20061106212715	http://www.catalyticsouls.com/forums/viewtopic.php?p=2274				
8	20061106212719	http://www.catalyticsouls.com/forums/viewtopic.php?p=2186				
8	20061106212736	http://www.catalyticsouls.com/forums/viewtopic.php?p=2386				
8	20061106212840	http://www.catalyticsouls.com/forums/viewtopic.php?p=2262				
8	20061106212858	http://www.catalyticsouls.com/forums/viewtopic.php?p=2219				
8	20061106212913	http://www.catalyticsouls.com/forums/viewtopic.php?p=1355				
8	20061106212917	http://www.catalyticsouls.com/forums/viewtopic.php?p=2194				
8	20061106212942	http://www.catalyticsouls.com/forums/viewtopic.php?p=2192				
8	20061106213028	http://www.catalyticsouls.com/forums/viewtopic.php?p=2185				
8	20061106213045	http://www.catalyticsouls.com/forums/viewtopic.php?p=2187				
8	20061106213054	http://www.catalyticsouls.com/forums/viewtopic.php?p=2377				
8	20061106213058	http://www.catalyticsouls.com/forums/viewtopic.php?p=2184				
8	20061106213103	http://www.catalyticsouls.com/forums/viewtopic.php?p=2051				
8	20061106213123	http://www.catalyticsouls.com/forums/viewtopic.php?p=2193				
8	20061106213133	http://www.catalyticsouls.com/forums/viewtopic.php?p=2170				
8	20061106213150	http://www.catalyticsouls.com/forums/viewtopic.php?p=2218				
8	20061106213218	http://www.catalyticsouls.com/forums/viewtopic.php?p=1328				
8	20061106213235	http://www.catalyticsouls.com/forums/viewtopic.php?p=2360				
8	20061106213240	http://www.catalyticsouls.com/forums/viewtopic.php?p=2243				
8	20061106213305	http://www.catalyticsouls.com/forums/viewtopic.php?p=2293				
8	20061106213323	http://www.catalyticsouls.com/forums/viewtopic.php?p=2205				
8	20061106213332	http://www.catalyticsouls.com/forums/viewtopic.php?p=2294				
8	20061106213345	http://www.catalyticsouls.com/forums/viewtopic.php?p=2249				
8	20061106213400	http://www.catalyticsouls.com/forums/viewtopic.php?p=2355				
8	20061106213408	http://www.catalyticsouls.com/forums/viewtopic.php?p=2324				
8	20061106213505	http://www.catalyticsouls.com/forums/viewtopic.php?p=931				
8	20061106213509	http://www.catalyticsouls.com/forums/viewtopic.php?p=2344				
8	20061106213517	http://www.catalyticsouls.com/forums/viewtopic.php?p=2316				
8	20061106213603	http://www.catalyticsouls.com/forums/viewtopic.php?p=899				
8	20061106213610	http://www.catalyticsouls.com/forums/viewtopic.php?p=968				
8	20061106213614	http://www.catalyticsouls.com/forums/viewtopic.php?p=2258				
8	20061106213617	http://www.catalyticsouls.com/forums/viewtopic.php?p=2101				
8	20061106213650	http://www.catalyticsouls.com/forums/viewtopic.php?p=2339				
8	20061106213658	http://www.catalyticsouls.com/forums/viewtopic.php?p=2391				
8	20061106213717	http://www.catalyticsouls.com/forums/viewtopic.php?p=2399				
8	20061106213725	http://www.catalyticsouls.com/forums/viewtopic.php?p=2340				
8	20061106213750	http://www.catalyticsouls.com/forums/viewtopic.php?p=2346				
8	20061106213812	http://www.catalyticsouls.com/forums/viewtopic.php?p=2388				
8	20061106213823	http://www.catalyticsouls.com/forums/viewtopic.php?p=2325				
8	20061106213835	http://www.catalyticsouls.com/forums/viewtopic.php?p=2338				
8	20061106213848	http://www.catalyticsouls.com/forums/viewtopic.php?p=2389				
8	20061106213856	http://www.catalyticsouls.com/forums/viewtopic.php?p=2336				
8	20061106213907	http://www.catalyticsouls.com/forums/viewtopic.php?p=2390				
8	20061106213917	http://www.catalyticsouls.com/forums/viewtopic.php?p=2337				
8	20061106213930	http://www.catalyticsouls.com/forums/viewtopic.php?p=2278				
8	20061106213942	http://www.catalyticsouls.com/forums/viewtopic.php?p=1244				
8	20061106213946	http://www.catalyticsouls.com/forums/viewtopic.php?p=2323				
8	20061106214026	http://www.catalyticsouls.com/forums/viewtopic.php?p=1242				
8	20061106214038	http://www.catalyticsouls.com/forums/viewtopic.php?p=2330				
8	20061106214117	http://www.catalyticsouls.com/forums/viewtopic.php?p=2020				
8	20061106214139	http://www.catalyticsouls.com/forums/viewtopic.php?p=2345				
8	20061106214156	http://www.catalyticsouls.com/forums/viewtopic.php?p=2318				
8	20061106214214	http://www.catalyticsouls.com/forums/viewtopic.php?p=2313				
8	20061106214308	http://www.catalyticsouls.com/forums/viewtopic.php?p=1263				
8	20061106214432	http://www.catalyticsouls.com/forums/viewtopic.php?p=1705				
8	20061106214435	http://www.catalyticsouls.com/forums/viewtopic.php?p=1689				
8	20061106214559	http://www.catalyticsouls.com/forums/viewtopic.php?p=2288				
8	20061106214619	http://www.catalyticsouls.com/forums/viewtopic.php?p=2169				
8	20061106214644	http://www.catalyticsouls.com/forums/viewtopic.php?p=1261				
8	20061106214815	http://www.catalyticsouls.com/forums/viewtopic.php?p=2326				
8	20061106214945	http://www.catalyticsouls.com/forums/viewtopic.php?p=259				
8	20061106215030	http://www.catalyticsouls.com/forums/viewtopic.php?p=373				
8	20061106215038	http://www.catalyticsouls.com/forums/viewtopic.php?p=2168				
8	20061106215156	http://www.catalyticsouls.com/forums/viewtopic.php?p=2286				
8	20061106215201	http://www.catalyticsouls.com/forums/viewtopic.php?p=1280				
8	20061106215250	http://www.catalyticsouls.com/forums/viewtopic.php?p=927				
8	20061106215318	http://www.catalyticsouls.com/forums/viewtopic.php?p=1360				
8	20061106215341	http://www.catalyticsouls.com/forums/viewtopic.php?p=2202				
8	20061106215740	http://www.catalyticsouls.com/forums/viewtopic.php?p=1321				
8	20061106215833	http://www.catalyticsouls.com/forums/viewtopic.php?p=2247				
8	20061106215850	http://www.catalyticsouls.com/forums/viewtopic.php?p=2155				
8	20061106215902	http://www.catalyticsouls.com/forums/viewtopic.php?p=2157				
8	20061106220110	http://www.catalyticsouls.com/forums/viewtopic.php?p=2342				
8	20061106220114	http://www.catalyticsouls.com/forums/viewtopic.php?p=2302				
8	20061106220128	http://www.catalyticsouls.com/forums/viewtopic.php?p=2354				
8	20061106220146	http://www.catalyticsouls.com/forums/viewtopic.php?p=2310				
8	20061106220250	http://www.catalyticsouls.com/forums/viewtopic.php?p=1681				
8	20061106220322	http://www.catalyticsouls.com/forums/viewtopic.php?p=1690				
8	20061106220332	http://www.catalyticsouls.com/forums/viewtopic.php?p=2314				
8	20061106220349	http://www.catalyticsouls.com/forums/viewtopic.php?p=2320				
8	20061106220535	http://www.catalyticsouls.com/forums/viewtopic.php?p=2341				
8	20061106220559	http://www.catalyticsouls.com/forums/viewtopic.php?p=2273				
8	20061106220639	http://www.catalyticsouls.com/forums/viewtopic.php?p=711				
8	20061106220643	http://www.catalyticsouls.com/forums/viewtopic.php?p=2315				
8	20061106220840	http://www.catalyticsouls.com/forums/viewtopic.php?p=1108				
8	20061106220935	http://www.catalyticsouls.com/forums/viewtopic.php?p=1275				
8	20061106220954	http://www.catalyticsouls.com/forums/viewtopic.php?p=1483				
8	20061106221008	http://www.catalyticsouls.com/forums/viewtopic.php?p=1299				
8	20061106221031	http://www.catalyticsouls.com/forums/viewtopic.php?p=1276				
8	20061106221042	http://www.catalyticsouls.com/forums/viewtopic.php?p=1675				
8	20061106221053	http://www.catalyticsouls.com/forums/viewtopic.php?p=2190				
8	20061106221111	http://www.catalyticsouls.com/forums/viewtopic.php?p=2118				
8	20061106221128	http://www.catalyticsouls.com/forums/viewtopic.php?p=2298				
8	20061106221132	http://www.catalyticsouls.com/forums/viewtopic.php?p=1266				
8	20061106221146	http://www.catalyticsouls.com/forums/viewtopic.php?p=1306				
8	20061106221152	http://www.catalyticsouls.com/forums/viewtopic.php?p=1235				
8	20061106221212	http://www.catalyticsouls.com/forums/viewtopic.php?p=1239				
8	20061106221227	http://www.catalyticsouls.com/forums/viewtopic.php?p=1260				
8	20061106221248	http://www.catalyticsouls.com/forums/viewtopic.php?p=1676				
8	20061106221321	http://www.catalyticsouls.com/forums/viewtopic.php?p=1104				
8	20061106221326	http://www.catalyticsouls.com/forums/viewtopic.php?p=2199				
8	20061106221400	http://www.catalyticsouls.com/forums/viewtopic.php?p=1418				
8	20061106221413	http://www.catalyticsouls.com/forums/viewtopic.php?p=1550				
8	20061106221437	http://www.catalyticsouls.com/forums/viewtopic.php?p=1168				
8	20061106221502	http://www.catalyticsouls.com/forums/viewtopic.php?p=1314				
8	20061106221530	http://www.catalyticsouls.com/forums/viewtopic.php?p=2266				
8	20061106221542	http://www.catalyticsouls.com/forums/viewtopic.php?p=1135				
8	20061106221642	http://www.catalyticsouls.com/forums/viewtopic.php?p=2198				
8	20061106221707	http://www.catalyticsouls.com/forums/viewtopic.php?p=1628				
8	20061106221739	http://www.catalyticsouls.com/forums/viewtopic.php?p=2279				
8	20061106221746	http://www.catalyticsouls.com/forums/viewtopic.php?p=1395				
8	20061106221806	http://www.catalyticsouls.com/forums/viewtopic.php?p=2209				
8	20061106221811	http://www.catalyticsouls.com/forums/viewtopic.php?p=1718				
8	20061106221826	http://www.catalyticsouls.com/forums/viewtopic.php?p=1695				
8	20061106221835	http://www.catalyticsouls.com/forums/viewtopic.php?p=1714				
8	20061106221843	http://www.catalyticsouls.com/forums/viewtopic.php?p=1073				
8	20061106221847	http://www.catalyticsouls.com/forums/viewtopic.php?p=2106				
8	20061106221851	http://www.catalyticsouls.com/forums/viewtopic.php?p=2196				
8	20061106221912	http://www.catalyticsouls.com/forums/viewtopic.php?p=2195				
8	20061106221925	http://www.catalyticsouls.com/forums/viewtopic.php?p=1253				
8	20061106221930	http://www.catalyticsouls.com/forums/viewtopic.php?p=1697				
8	20061106221957	http://www.catalyticsouls.com/forums/viewtopic.php?p=1274				
8	20061106222003	http://www.catalyticsouls.com/forums/viewtopic.php?p=2200				
8	20061106222015	http://www.catalyticsouls.com/forums/viewtopic.php?p=2201				
8	20061106222020	http://www.catalyticsouls.com/forums/viewtopic.php?p=2022				
8	20061106222023	http://www.catalyticsouls.com/forums/viewtopic.php?p=1258				
8	20061106222033	http://www.catalyticsouls.com/forums/viewtopic.php?p=1685				
8	20061106222045	http://www.catalyticsouls.com/forums/viewtopic.php?p=1722				
8	20061106222050	http://www.catalyticsouls.com/forums/viewtopic.php?p=1940				
8	20061106222120	http://www.catalyticsouls.com/forums/viewtopic.php?p=2197				
8	20061106222156	http://www.catalyticsouls.com/forums/viewtopic.php?p=1632				
8	20061106222205	http://www.catalyticsouls.com/forums/viewtopic.php?p=2280				
8	20061106222222	http://www.catalyticsouls.com/forums/viewtopic.php?p=2329				
8	20061106222236	http://www.catalyticsouls.com/forums/viewtopic.php?p=2308				
8	20061106222257	http://www.catalyticsouls.com/forums/viewtopic.php?p=1083				
8	20061106222320	http://www.catalyticsouls.com/forums/viewtopic.php?p=2287				
8	20061106222336	http://www.catalyticsouls.com/forums/viewtopic.php?p=2261				
8	20061106222504	http://www.catalyticsouls.com/forums/viewtopic.php?p=2333				
8	20061106222509	http://www.catalyticsouls.com/forums/viewtopic.php?p=2268				
8	20061106222530	http://www.catalyticsouls.com/forums/viewtopic.php?p=2025				
8	20061106222539	http://www.catalyticsouls.com/forums/viewtopic.php?p=2012				
8	20061106222611	http://www.catalyticsouls.com/forums/viewtopic.php?p=2040				
8	20061106222620	http://www.catalyticsouls.com/forums/viewtopic.php?p=2147				
8	20061106222631	http://www.catalyticsouls.com/forums/viewtopic.php?p=2037				
8	20061106222638	http://www.catalyticsouls.com/forums/viewtopic.php?p=2158				
8	20061106222649	http://www.catalyticsouls.com/forums/viewtopic.php?p=2321				
8	20061106222717	http://www.catalyticsouls.com/forums/viewtopic.php?p=2322				
8	20061106222721	http://www.catalyticsouls.com/forums/viewtopic.php?p=2335				
8	20061106222730	http://www.catalyticsouls.com/forums/viewtopic.php?p=2275				
8	20061106222749	http://www.catalyticsouls.com/forums/viewtopic.php?p=2356				
8	20061106222807	http://www.catalyticsouls.com/forums/viewtopic.php?p=2156				
8	20061106222836	http://www.catalyticsouls.com/forums/viewtopic.php?p=2251				
8	20061106222854	http://www.catalyticsouls.com/forums/viewtopic.php?p=2271				
8	20061106222903	http://www.catalyticsouls.com/forums/viewtopic.php?p=2281				
8	20061106223100	http://www.catalyticsouls.com/forums/viewtopic.php?p=2061				
8	20061106223211	http://www.catalyticsouls.com/forums/viewtopic.php?p=2044				
8	20061106223300	http://www.catalyticsouls.com/forums/viewtopic.php?p=1939				
8	20061106223311	http://www.catalyticsouls.com/forums/viewtopic.php?p=1449				
8	20061106223348	http://www.catalyticsouls.com/forums/viewtopic.php?p=1999				
8	20061106223419	http://www.catalyticsouls.com/forums/viewtopic.php?p=2223				
8	20061106223522	http://www.catalyticsouls.com/forums/viewtopic.php?p=2166				
8	20061106223714	http://www.catalyticsouls.com/forums/viewtopic.php?p=2233				
8	20061106224157	http://www.catalyticsouls.com/forums/viewtopic.php?p=1630				
8	20061106224219	http://www.catalyticsouls.com/forums/viewtopic.php?p=1629				
8	20061106224225	http://www.catalyticsouls.com/forums/viewtopic.php?p=1627				
8	20061106224235	http://www.catalyticsouls.com/forums/viewtopic.php?p=1626				
8	20061106224239	http://www.catalyticsouls.com/forums/viewtopic.php?p=1613				
8	20061106224247	http://www.catalyticsouls.com/forums/viewtopic.php?p=1600				
8	20061106224252	http://www.catalyticsouls.com/forums/viewtopic.php?p=1625				
8	20061106224301	http://www.catalyticsouls.com/forums/viewtopic.php?p=1597				
8	20061106224318	http://www.catalyticsouls.com/forums/viewtopic.php?p=1607				
8	20061106224327	http://www.catalyticsouls.com/forums/viewtopic.php?p=1595				
8	20061106224333	http://www.catalyticsouls.com/forums/viewtopic.php?p=1599				
8	20061106224346	http://www.catalyticsouls.com/forums/viewtopic.php?p=1594				
8	20061106224355	http://www.catalyticsouls.com/forums/viewtopic.php?p=1592				
8	20061106224423	http://www.catalyticsouls.com/forums/viewtopic.php?p=1633				
8	20061106224513	http://www.catalyticsouls.com/forums/viewtopic.php?p=2015				
8	20061106224605	http://www.catalyticsouls.com/forums/viewtopic.php?p=1084				
8	20061106224611	http://www.catalyticsouls.com/forums/viewtopic.php?p=1086				
8	20061106225847	http://www.catalyticsouls.com/forums/viewtopic.php?p=1667				
8	20061106225900	http://www.catalyticsouls.com/forums/viewtopic.php?p=1670				
8	20061106225908	http://www.catalyticsouls.com/forums/viewtopic.php?p=1661				
8	20061106225942	http://www.catalyticsouls.com/forums/viewtopic.php?p=1660				
8	20061106225957	http://www.catalyticsouls.com/forums/viewtopic.php?p=1654				
8	20061106230002	http://www.catalyticsouls.com/forums/viewtopic.php?p=1669				
8	20061106230009	http://www.catalyticsouls.com/forums/viewtopic.php?p=1655				
8	20061106230016	http://www.catalyticsouls.com/forums/viewtopic.php?p=1663				
8	20061106230021	http://www.catalyticsouls.com/forums/viewtopic.php?p=1666				
8	20061106230032	http://www.catalyticsouls.com/forums/viewtopic.php?p=1672				
8	20061106230038	http://www.catalyticsouls.com/forums/viewtopic.php?p=1664				
8	20061106230054	http://www.catalyticsouls.com/forums/viewtopic.php?p=1662				
8	20061106230117	http://www.catalyticsouls.com/forums/viewtopic.php?p=1658				
8	20061106230128	http://www.catalyticsouls.com/forums/viewtopic.php?p=1659				
8	20061106230818	http://www.catalyticsouls.com/forums/viewtopic.php?p=2038				
8	20061106230838	http://www.catalyticsouls.com/forums/viewtopic.php?p=2119				
8	20061106231208	http://www.catalyticsouls.com/forums/viewtopic.php?p=2208				
8	20061106231234	http://www.catalyticsouls.com/forums/viewtopic.php?p=2206				
8	20061106231254	http://www.catalyticsouls.com/forums/viewtopic.php?p=2163				
8	20061106231310	http://www.catalyticsouls.com/forums/viewtopic.php?p=2089				
8	20061106231356	http://www.catalyticsouls.com/forums/viewtopic.php?p=2230				
8	20061106231404	http://www.catalyticsouls.com/forums/viewtopic.php?p=2141				
8	20061106231416	http://www.catalyticsouls.com/forums/viewtopic.php?p=2078				
8	20061106231440	http://www.catalyticsouls.com/forums/viewtopic.php?p=2165				
8	20061106231508	http://www.catalyticsouls.com/forums/viewtopic.php?p=2180				
8	20061106231547	http://www.catalyticsouls.com/forums/viewtopic.php?p=2188				
8	20061106231602	http://www.catalyticsouls.com/forums/viewtopic.php?p=2224				
8	20061106231616	http://www.catalyticsouls.com/forums/viewtopic.php?p=2030				
8	20061106231633	http://www.catalyticsouls.com/forums/viewtopic.php?p=2140				
8	20061106231637	http://www.catalyticsouls.com/forums/viewtopic.php?p=2113				
8	20061106231641	http://www.catalyticsouls.com/forums/viewtopic.php?p=2179				
8	20061106231646	http://www.catalyticsouls.com/forums/viewtopic.php?p=2176				
8	20061106231728	http://www.catalyticsouls.com/forums/viewtopic.php?p=2063				
8	20061106231733	http://www.catalyticsouls.com/forums/viewtopic.php?p=2046				
8	20061106231737	http://www.catalyticsouls.com/forums/viewtopic.php?p=2148				
8	20061106231742	http://www.catalyticsouls.com/forums/viewtopic.php?p=2225				
8	20061106231746	http://www.catalyticsouls.com/forums/viewtopic.php?p=2036				
8	20061106231758	http://www.catalyticsouls.com/forums/viewtopic.php?p=2173				
8	20061106231813	http://www.catalyticsouls.com/forums/viewtopic.php?p=2178				
8	20061106231817	http://www.catalyticsouls.com/forums/viewtopic.php?p=2120				
8	20061106231850	http://www.catalyticsouls.com/forums/viewtopic.php?p=2227				
8	20061106231902	http://www.catalyticsouls.com/forums/viewtopic.php?p=2060				
8	20061106231910	http://www.catalyticsouls.com/forums/viewtopic.php?p=2079				
8	20061106231918	http://www.catalyticsouls.com/forums/viewtopic.php?p=1082				
8	20061106231923	http://www.catalyticsouls.com/forums/viewtopic.php?p=2164				
8	20061106231928	http://www.catalyticsouls.com/forums/viewtopic.php?p=2043				
8	20061106231945	http://www.catalyticsouls.com/forums/viewtopic.php?p=2231				
8	20061106232304	http://www.catalyticsouls.com/forums/viewtopic.php?p=2152				
8	20061106232310	http://www.catalyticsouls.com/forums/viewtopic.php?p=2115				
8	20061106232318	http://www.catalyticsouls.com/forums/viewtopic.php?p=2177				
8	20061106232322	http://www.catalyticsouls.com/forums/viewtopic.php?p=2226				
8	20061106232341	http://www.catalyticsouls.com/forums/viewtopic.php?p=2083				
8	20061106232407	http://www.catalyticsouls.com/forums/viewtopic.php?p=2167				
8	20061106232416	http://www.catalyticsouls.com/forums/viewtopic.php?p=2228				
8	20061106232428	http://www.catalyticsouls.com/forums/viewtopic.php?p=2220				
8	20061106232438	http://www.catalyticsouls.com/forums/viewtopic.php?p=2232				
8	20061106232445	http://www.catalyticsouls.com/forums/viewtopic.php?p=2229				
8	20061106232452	http://www.catalyticsouls.com/forums/viewtopic.php?p=2138				
8	20061106232501	http://www.catalyticsouls.com/forums/viewtopic.php?p=2054				
8	20061106232641	http://www.catalyticsouls.com/forums/viewtopic.php?p=2235				
8	20061106232818	http://www.catalyticsouls.com/forums/viewtopic.php?p=2222				
8	20061106233023	http://www.catalyticsouls.com/forums/viewtopic.php?p=1637				
8	20061106233028	http://www.catalyticsouls.com/forums/viewtopic.php?p=1649				
8	20061106233032	http://www.catalyticsouls.com/forums/viewtopic.php?p=1648				
8	20061106233042	http://www.catalyticsouls.com/forums/viewtopic.php?p=1651				
8	20061106233055	http://www.catalyticsouls.com/forums/viewtopic.php?p=1646				
8	20061106233059	http://www.catalyticsouls.com/forums/viewtopic.php?p=1644				
8	20061106233112	http://www.catalyticsouls.com/forums/viewtopic.php?p=1641				
8	20061106233116	http://www.catalyticsouls.com/forums/viewtopic.php?p=1650				
8	20061106233121	http://www.catalyticsouls.com/forums/viewtopic.php?p=1639				
8	20061106233128	http://www.catalyticsouls.com/forums/viewtopic.php?p=1642				
8	20061106233138	http://www.catalyticsouls.com/forums/viewtopic.php?p=1645				
8	20061106233148	http://www.catalyticsouls.com/forums/viewtopic.php?p=1652				
8	20061106233202	http://www.catalyticsouls.com/forums/viewtopic.php?p=1647				
8	20061106233206	http://www.catalyticsouls.com/forums/viewtopic.php?p=1635				
8	20061106233210	http://www.catalyticsouls.com/forums/viewtopic.php?p=1653				
8	20061107000815	http://www.catalyticsouls.com/forums/viewtopic.php?p=326				
8	20061107000925	http://www.catalyticsouls.com/forums/viewtopic.php?p=116				
8	20061107001129	http://www.catalyticsouls.com/forums/viewtopic.php?p=1482				
8	20061107001144	http://www.catalyticsouls.com/forums/viewtopic.php?p=1480				
8	20061107001623	http://www.catalyticsouls.com/forums/viewtopic.php?p=1606				
8	20061107001716	http://www.catalyticsouls.com/forums/viewtopic.php?p=1687				
8	20061107001827	http://www.catalyticsouls.com/forums/viewtopic.php?p=2203				
8	20061107001834	http://www.catalyticsouls.com/forums/viewtopic.php?p=2348				
8	20061107001940	http://www.catalyticsouls.com/forums/viewtopic.php?p=1972				
8	20061107001944	http://www.catalyticsouls.com/forums/viewtopic.php?p=1318				
8	20061107002012	http://www.catalyticsouls.com/forums/viewtopic.php?p=1920				
8	20061107002022	http://www.catalyticsouls.com/forums/viewtopic.php?p=1976				
8	20061107002044	http://www.catalyticsouls.com/forums/viewtopic.php?p=1473				
8	20061107002204	http://www.catalyticsouls.com/forums/viewtopic.php?p=2307				
8	20061107002551	http://www.catalyticsouls.com/forums/viewtopic.php?p=1068				
8	20061107002903	http://www.catalyticsouls.com/forums/viewtopic.php?p=736				
8	20061107003134	http://www.catalyticsouls.com/forums/viewtopic.php?p=1446				
8	20061107003148	http://www.catalyticsouls.com/forums/viewtopic.php?p=872				
8	20061107003255	http://www.catalyticsouls.com/forums/viewtopic.php?p=855				
8	20061107003306	http://www.catalyticsouls.com/forums/viewtopic.php?p=1456				
8	20061107003351	http://www.catalyticsouls.com/forums/viewtopic.php?p=1233				
8	20061107003422	http://www.catalyticsouls.com/forums/viewtopic.php?p=1422				
8	20061107003444	http://www.catalyticsouls.com/forums/viewtopic.php?p=423				
8	20061107003521	http://www.catalyticsouls.com/forums/viewtopic.php?p=1320				
8	20061107003607	http://www.catalyticsouls.com/forums/viewtopic.php?p=1421				
8	20061107003637	http://www.catalyticsouls.com/forums/viewtopic.php?p=1142				
8	20061107003651	http://www.catalyticsouls.com/forums/viewtopic.php?p=1265				
8	20061107003659	http://www.catalyticsouls.com/forums/viewtopic.php?p=1345				
8	20061107003702	http://www.catalyticsouls.com/forums/viewtopic.php?p=784				
8	20061107003806	http://www.catalyticsouls.com/forums/viewtopic.php?p=1089				
8	20061107004234	http://www.catalyticsouls.com/forums/viewtopic.php?p=159				
8	20061107004257	http://www.catalyticsouls.com/forums/viewtopic.php?p=2093				
8	20061107004301	http://www.catalyticsouls.com/forums/viewtopic.php?p=228				
8	20061107004326	http://www.catalyticsouls.com/forums/viewtopic.php?p=2129				
8	20061107004343	http://www.catalyticsouls.com/forums/viewtopic.php?p=148				
8	20061107004402	http://www.catalyticsouls.com/forums/viewtopic.php?p=2130				
8	20061107004750	http://www.catalyticsouls.com/forums/viewtopic.php?p=2094				
8	20061107004834	http://www.catalyticsouls.com/forums/viewtopic.php?p=2096				
8	20061107004904	http://www.catalyticsouls.com/forums/viewtopic.php?p=231				
8	20061107004938	http://www.catalyticsouls.com/forums/viewtopic.php?p=240				
8	20061107004945	http://www.catalyticsouls.com/forums/viewtopic.php?p=2133				
8	20061107004955	http://www.catalyticsouls.com/forums/viewtopic.php?p=223				
8	20061107005003	http://www.catalyticsouls.com/forums/viewtopic.php?p=221				
8	20061107005012	http://www.catalyticsouls.com/forums/viewtopic.php?p=237				
8	20061107005054	http://www.catalyticsouls.com/forums/viewtopic.php?p=2189				
8	20061107005101	http://www.catalyticsouls.com/forums/viewtopic.php?p=220				
8	20061107005111	http://www.catalyticsouls.com/forums/viewtopic.php?p=236				
8	20061107005403	http://www.catalyticsouls.com/forums/viewtopic.php?p=384				
8	20061107005428	http://www.catalyticsouls.com/forums/viewtopic.php?p=1297				
8	20061107005545	http://www.catalyticsouls.com/forums/viewtopic.php?p=1294				
8	20061107005554	http://www.catalyticsouls.com/forums/viewtopic.php?p=1310				
8	20061107005559	http://www.catalyticsouls.com/forums/viewtopic.php?p=390				
8	20061107005620	http://www.catalyticsouls.com/forums/viewtopic.php?p=1301				
8	20061107005630	http://www.catalyticsouls.com/forums/viewtopic.php?p=383				
8	20061107005653	http://www.catalyticsouls.com/forums/viewtopic.php?p=378				
8	20061107005739	http://www.catalyticsouls.com/forums/viewtopic.php?p=1298				
8	20061107005748	http://www.catalyticsouls.com/forums/viewtopic.php?p=1295				
8	20061107005808	http://www.catalyticsouls.com/forums/viewtopic.php?p=366				
8	20061107005828	http://www.catalyticsouls.com/forums/viewtopic.php?p=1317				
8	20061107005838	http://www.catalyticsouls.com/forums/viewtopic.php?p=1300				
8	20061107005845	http://www.catalyticsouls.com/forums/viewtopic.php?p=372				
8	20061107005927	http://www.catalyticsouls.com/forums/viewtopic.php?p=2107				
8	20061107005950	http://www.catalyticsouls.com/forums/viewtopic.php?p=2136				
8	20061107010008	http://www.catalyticsouls.com/forums/viewtopic.php?p=328				
8	20061107010020	http://www.catalyticsouls.com/forums/viewtopic.php?p=348				
8	20061107010030	http://www.catalyticsouls.com/forums/viewtopic.php?p=345				
8	20061107010059	http://www.catalyticsouls.com/forums/viewtopic.php?p=252				
8	20061107010105	http://www.catalyticsouls.com/forums/viewtopic.php?p=256				
8	20061107010114	http://www.catalyticsouls.com/forums/viewtopic.php?p=289				
8	20061107010209	http://www.catalyticsouls.com/forums/viewtopic.php?p=344				
8	20061107010220	http://www.catalyticsouls.com/forums/viewtopic.php?p=294				
8	20061107010224	http://www.catalyticsouls.com/forums/viewtopic.php?p=288				
8	20061107010227	http://www.catalyticsouls.com/forums/viewtopic.php?p=333				
8	20061107010232	http://www.catalyticsouls.com/forums/viewtopic.php?p=336				
8	20061107010306	http://www.catalyticsouls.com/forums/viewtopic.php?p=332				
8	20061107010318	http://www.catalyticsouls.com/forums/viewtopic.php?p=339				
8	20061107010347	http://www.catalyticsouls.com/forums/viewtopic.php?p=342				
8	20061107010357	http://www.catalyticsouls.com/forums/viewtopic.php?p=287				
8	20061107010536	http://www.catalyticsouls.com/forums/viewtopic.php?p=269				
8	20061107010613	http://www.catalyticsouls.com/forums/viewtopic.php?p=260				
8	20061107010715	http://www.catalyticsouls.com/forums/viewtopic.php?p=695				
8	20061107010752	http://www.catalyticsouls.com/forums/viewtopic.php?p=438				
8	20061107010757	http://www.catalyticsouls.com/forums/viewtopic.php?p=435				
8	20061107010806	http://www.catalyticsouls.com/forums/viewtopic.php?p=428				
8	20061107010809	http://www.catalyticsouls.com/forums/viewtopic.php?p=434				
8	20061107010839	http://www.catalyticsouls.com/forums/viewtopic.php?p=106				
8	20061107010844	http://www.catalyticsouls.com/forums/viewtopic.php?p=2183				
8	20061107010900	http://www.catalyticsouls.com/forums/viewtopic.php?p=112				
8	20061107010928	http://www.catalyticsouls.com/forums/viewtopic.php?p=96				
8	20061107010949	http://www.catalyticsouls.com/forums/viewtopic.php?p=226				
8	20061107011030	http://www.catalyticsouls.com/forums/viewtopic.php?p=102				
8	20061107011104	http://www.catalyticsouls.com/forums/viewtopic.php?p=2090				
8	20061107011114	http://www.catalyticsouls.com/forums/viewtopic.php?p=105				
8	20061107011128	http://www.catalyticsouls.com/forums/viewtopic.php?p=95				
8	20061107011248	http://www.catalyticsouls.com/forums/viewtopic.php?p=1283				
8	20061107011251	http://www.catalyticsouls.com/forums/viewtopic.php?p=1291				
8	20061107011308	http://www.catalyticsouls.com/forums/viewtopic.php?p=819				
8	20061107011332	http://www.catalyticsouls.com/forums/viewtopic.php?p=110				
8	20061107011343	http://www.catalyticsouls.com/forums/viewtopic.php?p=2091				
8	20061107011356	http://www.catalyticsouls.com/forums/viewtopic.php?p=2122				
8	20061107011402	http://www.catalyticsouls.com/forums/viewtopic.php?p=117				
8	20061107011426	http://www.catalyticsouls.com/forums/viewtopic.php?p=122				
8	20061107011511	http://www.catalyticsouls.com/forums/viewtopic.php?p=121				
8	20061107011534	http://www.catalyticsouls.com/forums/viewtopic.php?p=2092				
8	20061107011540	http://www.catalyticsouls.com/forums/viewtopic.php?p=2123				
8	20061107011545	http://www.catalyticsouls.com/forums/viewtopic.php?p=144				
8	20061107011608	http://www.catalyticsouls.com/forums/viewtopic.php?p=118				
8	20070512211401	http://www.catalyticsouls.com:80/forums/viewtopic.php?				
9.5	20060522233600	http://www.catalyticsouls.com/forums/viewtopic.php?t=77&view=previous	77	Online Radio	Discussion	Tangent
9.5	20060522233627	http://www.catalyticsouls.com/forums/viewtopic.php?t=100&view=previous	100	Online Radio (take 2)	Discussion	Tangent
9.5	20061107005259	http://www.catalyticsouls.com/forums/viewtopic.php?t=103&start=0	103	timeslots!	Past Events	tomfoolery
9.5	20061107003752	http://www.catalyticsouls.com/forums/viewtopic.php?t=378	378	Online radio this Fri...	Discussion	Tangent
9.5	20061106221646	http://www.catalyticsouls.com/forums/viewtopic.php?t=617	617	Central,IN :: 10.6-8.06 Wknd :: PnI3 :: Free :: UFO, Venom &	Event Listings	spoololife
9.5	20061107001930	http://www.catalyticsouls.com/forums/viewtopic.php?t=678&start=0&postdays=0&postorder=asc&highlight=	678	FREE TRACK FOR DOWNLOAD!!	Discussion	groove culture
9.5	20061106231626	http://www.catalyticsouls.com/forums/viewtopic.php?t=720	720	mature moms	Cave Jam Solstice Fest w/ Vince Herman	mature post
9.5	20061106221354	http://www.catalyticsouls.com/forums/viewtopic.php?t=722	722	aaliyah porn movie	Event Listings	Hadick
9.5	20061106231914	http://www.catalyticsouls.com/forums/viewtopic.php?t=730	730	alprazolam drug	Cave Jam Solstice Fest w/ Vince Herman	alprazolam kill you
9.5	20061106230830	http://www.catalyticsouls.com/forums/viewtopic.php?t=735&start=0	735	My Site	Cave Jam Solstice Fest w/ Vince Herman	mjhbk
9.5	20061106232346	http://www.catalyticsouls.com/forums/viewtopic.php?t=737	737	Aida Yespica	Cave Jam Solstice Fest w/ Vince Herman	Encejoted75
9.5	20061106223214	http://www.catalyticsouls.com/forums/viewtopic.php?t=738&start=0&postdays=0&postorder=asc&highlight=	738	Aida Yespica p0rnstar!	Dust Trails Presents CaveCountry	Encejoted75
9.5	20061106231543	http://www.catalyticsouls.com/forums/viewtopic.php?t=740	740	order tramadol	Cave Jam Solstice Fest w/ Vince Herman	order tramadol
9.5	20061106231539	http://www.catalyticsouls.com/forums/viewtopic.php?t=744&view=previous	744	My Site	Cave Jam Solstice Fest w/ Vince Herman	fgjhdf
9.5	20061106223121	http://www.catalyticsouls.com/forums/viewtopic.php?t=748&start=0&postdays=0&postorder=asc&highlight=	748	The Titmuss	Dust Trails Presents CaveCountry	Moted60
9.5	20061106223042	http://www.catalyticsouls.com/forums/viewtopic.php?t=749&start=0	749	The Titmuss	Dust Trails Presents CaveCountry	Moted60
9.5	20061106231528	http://www.catalyticsouls.com/forums/viewtopic.php?t=750	750	The Titmuss	Cave Jam Solstice Fest w/ Vince Herman	Moted60
9.5	20061106221839	http://www.catalyticsouls.com/forums/viewtopic.php?t=756	756	lima adriana 2	Event Listings	Pojodickbasup
9.5	20061106232349	http://www.catalyticsouls.com/forums/viewtopic.php?t=760	760	cheap tramadol	Cave Jam Solstice Fest w/ Vince Herman	tramadol
9.5	20061106231809	http://www.catalyticsouls.com/forums/viewtopic.php?t=761&view=next	761	My Site	Cave Jam Solstice Fest w/ Vince Herman	gdhf
9.5	20061106231854	http://www.catalyticsouls.com/forums/viewtopic.php?t=765	765	mortgage loans debt	Cave Jam Solstice Fest w/ Vince Herman	mortgageman5001
9.5	20061106231352	http://www.catalyticsouls.com/forums/viewtopic.php?t=770	770	tramadol hcl	Cave Jam Solstice Fest w/ Vince Herman	cheap tramadol
9.5	20061106232327	http://www.catalyticsouls.com/forums/viewtopic.php?t=781	781	My Site	Cave Jam Solstice Fest w/ Vince Herman	hgjhgj
9.5	20061106232422	http://www.catalyticsouls.com/forums/viewtopic.php?t=783	783	depakote	Cave Jam Solstice Fest w/ Vince Herman	depakote er
9.5	20061106230901	http://www.catalyticsouls.com/forums/viewtopic.php?t=787&view=next	787	xanax	Cave Jam Solstice Fest w/ Vince Herman	xanax
9.5	20061106232434	http://www.catalyticsouls.com/forums/viewtopic.php?t=788	788	viagra	Cave Jam Solstice Fest w/ Vince Herman	viagra
9.5	20061106232402	http://www.catalyticsouls.com/forums/viewtopic.php?t=792	792	debtconsolidation	Cave Jam Solstice Fest w/ Vince Herman	alprazollam
9.5	20061106231347	http://www.catalyticsouls.com/forums/viewtopic.php?t=796&view=next	796	soma cheap	Cave Jam Solstice Fest w/ Vince Herman	soma san diego
9.5	20061106231858	http://www.catalyticsouls.com/forums/viewtopic.php?t=798	798	internet casino gambling	Cave Jam Solstice Fest w/ Vince Herman	internet casino gambling
9.5	20061106231250	http://www.catalyticsouls.com/forums/viewtopic.php?t=799&view=previous	799	paxil weight loss	Cave Jam Solstice Fest w/ Vince Herman	paxil weight loss
9.5	20061106231230	http://www.catalyticsouls.com/forums/viewtopic.php?t=816&view=previous	816	cialis	Cave Jam Solstice Fest w/ Vince Herman	cialis
9.5	20061106231448	http://www.catalyticsouls.com/forums/viewtopic.php?t=817	817	phentermine	Cave Jam Solstice Fest w/ Vince Herman	phentermine
9.5	20061106232449	http://www.catalyticsouls.com/forums/viewtopic.php?t=818	818	buy cialis	Cave Jam Solstice Fest w/ Vince Herman	cialis
9.5	20061106223510	http://www.catalyticsouls.com/forums/viewtopic.php?t=819&start=0	819	phentermine	Cave Jam Solstice Fest w/ Vince Herman	phentermine
9.5	20061106231716	http://www.catalyticsouls.com/forums/viewtopic.php?t=820&view=next	820	viagra	Cave Jam Solstice Fest w/ Vince Herman	viagra
9.5	20061106231326	http://www.catalyticsouls.com/forums/viewtopic.php?t=824	824	My Site	Cave Jam Solstice Fest w/ Vince Herman	hjfgh
9.5	20061106231452	http://www.catalyticsouls.com/forums/viewtopic.php?t=828	828	buy tramadol	Cave Jam Solstice Fest w/ Vince Herman	tramadol
9.5	20061106231755	http://www.catalyticsouls.com/forums/viewtopic.php?t=829&view=previous	829	buy phentermine	Cave Jam Solstice Fest w/ Vince Herman	buy phentermine
9.5	20061106231721	http://www.catalyticsouls.com/forums/viewtopic.php?t=830	830	buy phentermine	Cave Jam Solstice Fest w/ Vince Herman	phentermine
9.5	20061106231621	http://www.catalyticsouls.com/forums/viewtopic.php?t=831	831	My Site	Cave Jam Solstice Fest w/ Vince Herman	fhgjgfhj
9.5	20061106231243	http://www.catalyticsouls.com/forums/viewtopic.php?t=834	834	My Site	Cave Jam Solstice Fest w/ Vince Herman	fhfd
9.5	20061106232330	http://www.catalyticsouls.com/forums/viewtopic.php?t=847	847	Mortgage Debt Loans Refinance	Cave Jam Solstice Fest w/ Vince Herman	mortgageloan12345
9.5	20061106231708	http://www.catalyticsouls.com/forums/viewtopic.php?t=852	852	My Site	Cave Jam Solstice Fest w/ Vince Herman	ghjfgh
9.5	20061106232814	http://www.catalyticsouls.com/forums/viewtopic.php?t=854&view=next	854	tramadol	Cave Jam Solstice Fest w/ Vince Herman	tramadol
9.5	20061106223425	http://www.catalyticsouls.com/forums/viewtopic.php?t=855&start=0&postdays=0&postorder=asc&highlight=	855	alprazolam 2 mg picture treatment pain alprazolam cancer	Dust Trails Presents CaveCountry	Tasha1878
9.5	20061106231704	http://www.catalyticsouls.com/forums/viewtopic.php?t=856	856	young porn movies	Cave Jam Solstice Fest w/ Vince Herman	lesbian porn movies
9.5	20061106231524	http://www.catalyticsouls.com/forums/viewtopic.php?t=857	857	buy ambien online fast	Cave Jam Solstice Fest w/ Vince Herman	ambien 5mg
9.5	20061106231520	http://www.catalyticsouls.com/forums/viewtopic.php?t=858&view=previous	858	alprazolam pictures	Cave Jam Solstice Fest w/ Vince Herman	alprazolam drug
9.5	20061106231701	http://www.catalyticsouls.com/forums/viewtopic.php?t=860&view=next	860	gay sex videos	Cave Jam Solstice Fest w/ Vince Herman	hardcore sex videos
9.5	20061106231558	http://www.catalyticsouls.com/forums/viewtopic.php?t=861&view=next	861	alprazolam	Cave Jam Solstice Fest w/ Vince Herman	alprazolam
9.5	20061106232457	http://www.catalyticsouls.com/forums/viewtopic.php?t=862	862	tramadol	Cave Jam Solstice Fest w/ Vince Herman	tramadol
9.5	20061106231503	http://www.catalyticsouls.com/forums/viewtopic.php?t=863	863	viagra online	Cave Jam Solstice Fest w/ Vince Herman	viagra online
9.5	20061106231531	http://www.catalyticsouls.com/forums/viewtopic.php?t=864	864	alprazolam	Cave Jam Solstice Fest w/ Vince Herman	alprazolam
9.5	20061106231240	http://www.catalyticsouls.com/forums/viewtopic.php?t=865	865	free lesbian porn clips	Cave Jam Solstice Fest w/ Vince Herman	free lesbian porn
9.5	20061106232650	http://www.catalyticsouls.com/forums/viewtopic.php?t=867&start=0&postdays=0&postorder=asc&highlight=	867	Buy viagra	Cave Jam Solstice Fest w/ Vince Herman	John
9.5	20061106223656	http://www.catalyticsouls.com/forums/viewtopic.php?t=868&start=0&postdays=0&postorder=asc&highlight=	868	Buy viagra	Cave Jam Solstice Fest w/ Vince Herman	John
9.5	20061106224147	http://www.catalyticsouls.com/forums/viewtopic.php?t=869&start=0	869	Buy viagra	Cave Jam Solstice Fest w/ Vince Herman	John
9.5	20061106230520	http://www.catalyticsouls.com/forums/viewtopic.php?t=871&start=0	871	cialis	Cave Jam Solstice Fest w/ Vince Herman	cialis
9.5	20061106225331	http://www.catalyticsouls.com/forums/viewtopic.php?t=872&start=0&postdays=0&postorder=asc&highlight=	872	My Site	Cave Jam Solstice Fest w/ Vince Herman	jgfhjfg
9.5	20061106230553	http://www.catalyticsouls.com/forums/viewtopic.php?t=873&view=previous	873	My Site	Cave Jam Solstice Fest w/ Vince Herman	hgjgfhj
9.5	20061106231020	http://www.catalyticsouls.com/forums/viewtopic.php?t=879&start=0	879	My Site	Cave Jam Solstice Fest w/ Vince Herman	fghf
9.5	20061106230416	http://www.catalyticsouls.com/forums/viewtopic.php?t=880&view=next	880	ebony teen lesbian	Cave Jam Solstice Fest w/ Vince Herman	ebony teen lesbian
9.5	20061107002522	http://www.catalyticsouls.com/forums/viewtopic.php?t=881&start=0&postdays=0&postorder=asc&highlight=	881	All about debt consolidation. Information about debt consoli	Discussion	debt_consolidation_2006
9.5	20061106230258	http://www.catalyticsouls.com/forums/viewtopic.php?t=882&start=0&postdays=0&postorder=asc&highlight=	882	My Site	Cave Jam Solstice Fest w/ Vince Herman	jjfghjfhg
9.5	20061106230446	http://www.catalyticsouls.com/forums/viewtopic.php?t=883&start=0	883	Tramadol Side Effects	Cave Jam Solstice Fest w/ Vince Herman	Tramadol Side Effects
9.5	20061106231120	http://www.catalyticsouls.com/forums/viewtopic.php?t=884&start=0	884	My Site	Cave Jam Solstice Fest w/ Vince Herman	ghjfgh
9.5	20061107002135	http://www.catalyticsouls.com/forums/viewtopic.php?t=889&start=0	889	its cool free movies	Discussion	abcandx
9.5	20061107002757	http://www.catalyticsouls.com/forums/viewtopic.php?t=892&start=0	892	Cialis - Yeah!! :)	Discussion	DrPhilcials
9.5	20061106231204	http://www.catalyticsouls.com/forums/viewtopic.php?t=895&start=0&postdays=0&postorder=asc&highlight=	895	My Site	Cave Jam Solstice Fest w/ Vince Herman	http://xoomer.virgilio.it
9.5	20061106232918	http://www.catalyticsouls.com/forums/viewtopic.php?t=899&view=next	899	teen girls in thongs	Cave Jam Solstice Fest w/ Vince Herman	teen girls nude
9.5	20061106232938	http://www.catalyticsouls.com/forums/viewtopic.php?t=900&start=0&postdays=0&postorder=asc&highlight=	900	My Site	Cave Jam Solstice Fest w/ Vince Herman	hgjgh
9.5	20061106225553	http://www.catalyticsouls.com/forums/viewtopic.php?t=903&start=0&postdays=0&postorder=asc&highlight=	903	tramadol	Cave Jam Solstice Fest w/ Vince Herman	tramadol
9.5	20061106225504	http://www.catalyticsouls.com/forums/viewtopic.php?t=904&start=0&postdays=0&postorder=asc&highlight=	904	soma	Cave Jam Solstice Fest w/ Vince Herman	soma
9.5	20061106213548	http://www.catalyticsouls.com/forums/viewtopic.php?t=905	905	Shakira porn movie!	CaveFest06 420 edition	Encejobastardup
9.5	20061106232741	http://www.catalyticsouls.com/forums/viewtopic.php?t=907&start=0&postdays=0&postorder=asc&highlight=	907	mature orgy	Cave Jam Solstice Fest w/ Vince Herman	mature orgy movies
9.5	20061106232855	http://www.catalyticsouls.com/forums/viewtopic.php?t=908&start=0&postdays=0&postorder=asc&highlight=	908	tramadol	Cave Jam Solstice Fest w/ Vince Herman	tramadol
9.5	20061106220219	http://www.catalyticsouls.com/forums/viewtopic.php?t=909	909	Play Full Tilt Poker with Pros..	CAVESTOCK 3	TendChris933
9.5	20061106223557	http://www.catalyticsouls.com/forums/viewtopic.php?t=914&start=0	914	My Site	Cave Jam Solstice Fest w/ Vince Herman	fnghngh
9.5	20061107001354	http://www.catalyticsouls.com/forums/viewtopic.php?t=915&view=next	915	buy viagra online	Discussion	buyviagraonline
9.5	20061106223624	http://www.catalyticsouls.com/forums/viewtopic.php?t=918&start=0&postdays=0&postorder=asc&highlight=	918	best tones online 1	Cave Jam Solstice Fest w/ Vince Herman	Encetedbasander51
9.5	20061107002743	http://www.catalyticsouls.com/forums/viewtopic.php?t=922&start=0&postdays=0&postorder=asc&highlight=	922	best tones online 5	Discussion	Encetedbasander51
9.5	20061106224719	http://www.catalyticsouls.com/forums/viewtopic.php?t=924&start=0	924	best tones online 7	Cave Jam Solstice Fest w/ Vince Herman	Encetedbasander51
9.5	20061106222745	http://www.catalyticsouls.com/forums/viewtopic.php?t=925	925	best tones online	The Spirit Of Ozz 10/21-22	Encetedbasander51
9.5	20061106221455	http://www.catalyticsouls.com/forums/viewtopic.php?t=928	928	best tones online 10	Event Listings	Encetedbasander51
9.5	20061106213501	http://www.catalyticsouls.com/forums/viewtopic.php?t=929&view=previous	929	best tones online 11	CaveFest06 420 edition	Encetedbasander51
9.5	20061106220031	http://www.catalyticsouls.com/forums/viewtopic.php?t=932	932	best tones online 14	CAVESTOCK 3	Encetedbasander51
9.5	20061107002311	http://www.catalyticsouls.com/forums/viewtopic.php?t=933&start=0	933	best tones online 15	Discussion	Encetedbasander51
9.5	20061106213524	http://www.catalyticsouls.com/forums/viewtopic.php?t=934	934	best tones online 16	CaveFest06 420 edition	Encetedbasander51
9.5	20061106224807	http://www.catalyticsouls.com/forums/viewtopic.php?t=937&start=0&postdays=0&postorder=asc&highlight=	937	best tones online 19	Cave Jam Solstice Fest w/ Vince Herman	Encetedbasander51
9.5	20061106225244	http://www.catalyticsouls.com/forums/viewtopic.php?t=938&start=0&postdays=0&postorder=asc&highlight=	938	tramadol	Cave Jam Solstice Fest w/ Vince Herman	tramadol
9.5	20061106225202	http://www.catalyticsouls.com/forums/viewtopic.php?t=939&start=0&postdays=0&postorder=asc&highlight=	939	buy tramadol	Cave Jam Solstice Fest w/ Vince Herman	tramadol
9.5	20061106230940	http://www.catalyticsouls.com/forums/viewtopic.php?t=941&start=0&postdays=0&postorder=asc&highlight=	941	mature babes	Cave Jam Solstice Fest w/ Vince Herman	mature moms
9.5	20061106213429	http://www.catalyticsouls.com/forums/viewtopic.php?t=942	942	Shakira porn movie!	CaveFest06 420 edition	Tertard
9.5	20061107001745	http://www.catalyticsouls.com/forums/viewtopic.php?t=944&start=0&postdays=0&postorder=asc&highlight=	944	Quick Weight Loss Pills. Stop Hair Loss Pills. Relaxant Pill	Discussion	LeviBrawn
9.5	20061106225434	http://www.catalyticsouls.com/forums/viewtopic.php?t=945&start=0&postdays=0&postorder=asc&highlight=	945	http://mosquitoringtone-free.blogspot.com	Cave Jam Solstice Fest w/ Vince Herman	wi42
9.5	20061107002409	http://www.catalyticsouls.com/forums/viewtopic.php?t=946&start=0	946	Play Full Tilt Poker with Pros.	Discussion	TendChris9334
9.5	20061106225355	http://www.catalyticsouls.com/forums/viewtopic.php?t=947&start=0	947	tramadol	Cave Jam Solstice Fest w/ Vince Herman	tramadol
9.5	20061106230703	http://www.catalyticsouls.com/forums/viewtopic.php?t=948&start=0	948	buy buy carisoprdol	Cave Jam Solstice Fest w/ Vince Herman	buy_carisoprdol
9.5	20061106224910	http://www.catalyticsouls.com/forums/viewtopic.php?t=952&start=0&postdays=0&postorder=asc&highlight=	952	My Site	Cave Jam Solstice Fest w/ Vince Herman	hjhghj
9.5	20061106225010	http://www.catalyticsouls.com/forums/viewtopic.php?t=953&start=0	953	http://mosquitoringtone-free.blogspot.com	Cave Jam Solstice Fest w/ Vince Herman	shiloh1b0
9.5	20061106232621	http://www.catalyticsouls.com/forums/viewtopic.php?t=954&start=0&postdays=0&postorder=asc&highlight=	954	My Site	Cave Jam Solstice Fest w/ Vince Herman	ghkgjk
9.5	20061107000627	http://www.catalyticsouls.com/forums/viewtopic.php?t=956&start=0&postdays=0&postorder=asc&highlight=	956	Best pharma!	Discussion	CrackersLab
9.5	20061107002629	http://www.catalyticsouls.com/forums/viewtopic.php?t=957&view=previous	957	My boyfriend is... a gay!!!!! please help me!	Discussion	vovanil85
9.5	20061106225737	http://www.catalyticsouls.com/forums/viewtopic.php?t=959&start=0&postdays=0&postorder=asc&highlight=	959	cialis	Cave Jam Solstice Fest w/ Vince Herman	cialis
9.5	20061106232718	http://www.catalyticsouls.com/forums/viewtopic.php?t=960&start=0	960	zoloft dosage	Cave Jam Solstice Fest w/ Vince Herman	zoloft
9.5	20061106231107	http://www.catalyticsouls.com/forums/viewtopic.php?t=961&start=0&postdays=0&postorder=asc&highlight=	961	debt consolidation	Cave Jam Solstice Fest w/ Vince Herman	debt_consolidation
9.5	20061106225131	http://www.catalyticsouls.com/forums/viewtopic.php?t=963&view=previous	963	My Site	Cave Jam Solstice Fest w/ Vince Herman	gkhj
9.5	20061107001411	http://www.catalyticsouls.com/forums/viewtopic.php?t=965&start=0&postdays=0&postorder=asc&highlight=	965	Online oxycontin	Discussion	ZIgCksVV
9.5	20061106225042	http://www.catalyticsouls.com/forums/viewtopic.php?t=968&start=0&postdays=0&postorder=asc&highlight=	968	phentermine	Cave Jam Solstice Fest w/ Vince Herman	phentermine
9.5	20061106233005	http://www.catalyticsouls.com/forums/viewtopic.php?t=973&start=0	973	buy phentermine	Cave Jam Solstice Fest w/ Vince Herman	buy_phentermine
9.5	20061106230244	http://www.catalyticsouls.com/forums/viewtopic.php?t=975&start=0	975	ultram	Cave Jam Solstice Fest w/ Vince Herman	ultram
9.5	20061107004032	http://www.catalyticsouls.com/forums/viewtopic.php?t=979&start=0	979	Buy cheap cigarette online	Discussion	gixrSasBaff
9.5	20061106230159	http://www.catalyticsouls.com/forums/viewtopic.php?t=981&start=0	981	My Site	Cave Jam Solstice Fest w/ Vince Herman	dghfghfg
9.5	20061106220005	http://www.catalyticsouls.com/forums/viewtopic.php?t=982&view=next	982	generic hydrocodone	Cave Jam Solstice Fest w/ Vince Herman	buy hydrocodone
9.5	20061106204303	http://www.catalyticsouls.com/forums/viewtopic.php?t=984	984	My Site	Cave Jam Solstice Fest w/ Vince Herman	fjfghj
11	20060522224751	http://www.catalyticsouls.com/forums/viewtopic.php?t=92&view=previous	92	MIdwest Freakfest:ride available from Tampa	RideShare	partition_function
11	20060522224755	http://www.catalyticsouls.com/forums/viewtopic.php?t=92&view=next	92	MIdwest Freakfest:ride available from Tampa	RideShare	partition_function
11	20060522224835	http://www.catalyticsouls.com/forums/viewtopic.php?t=97	97	Ride from Michigan to Freakfest.	RideShare	Bronco
11	20060522224931	http://www.catalyticsouls.com/forums/viewtopic.php?t=99	99	Question about Freakfest.	Discussion	Bronco
11	20060522224936	http://www.catalyticsouls.com/forums/viewtopic.php?t=99&view=next	99	Question about Freakfest.	Discussion	Bronco
11	20060522234302	http://www.catalyticsouls.com/forums/viewtopic.php?t=104&view=previous	104	Forced Entry Records Freakfest Pics	photos	GGJim
11	20060522234306	http://www.catalyticsouls.com/forums/viewtopic.php?t=104&view=next	104	Forced Entry Records Freakfest Pics	photos	GGJim
11	20060522224642	http://www.catalyticsouls.com/forums/viewtopic.php?t=125	125	CaveStock 2 Sept 23&24 w/TimeSlots	CaveStock 2	tomfoolery
11	20060522224647	http://www.catalyticsouls.com/forums/viewtopic.php?t=125&view=previous	125	CaveStock 2 Sept 23&24 w/TimeSlots	CaveStock 2	tomfoolery
11	20060426033142	http://catalyticsouls.com:80/forums/viewtopic.php?t=234	234	UnderGround Sound Back 2 the Freak UGS June30-July1	UnderGround Sound	tomfoolery
11	20060522222956	http://www.catalyticsouls.com/forums/viewtopic.php?t=339&view=previous	339	design info	UnderGround Sound	tomfoolery
11	20060522223000	http://www.catalyticsouls.com/forums/viewtopic.php?t=339&view=next	339	design info	UnderGround Sound	tomfoolery
12	20060522231045	http://www.catalyticsouls.com/forums/viewtopic.php?t=11	11	CAVE FEST Performers: (new flyer 2-26)	Past Events	Guest
12	20060522231049	http://www.catalyticsouls.com/forums/viewtopic.php?t=11&view=next	11	CAVE FEST Performers: (new flyer 2-26)	Past Events	Guest
12	20060522231054	http://www.catalyticsouls.com/forums/viewtopic.php?t=11&view=previous	11	CAVE FEST Performers: (new flyer 2-26)	Past Events	Guest
12	20060522231036	http://www.catalyticsouls.com/forums/viewtopic.php?t=34	34	Cave Fest ===== "Gemini Moon FEST"	Past Events	SpaceHead
12	20060522234141	http://www.catalyticsouls.com/forums/viewtopic.php?t=34&view=next	34	Cave Fest ===== "Gemini Moon FEST"	Past Events	SpaceHead
12	20060522234144	http://www.catalyticsouls.com/forums/viewtopic.php?t=34&view=previous	34	Cave Fest ===== "Gemini Moon FEST"	Past Events	SpaceHead
12	20060522231132	http://www.catalyticsouls.com/forums/viewtopic.php?t=38	38	cave fest electronic half :)	Past Events	SpaceHead
12	20060522234059	http://www.catalyticsouls.com/forums/viewtopic.php?t=38&view=previous	38	cave fest electronic half :)	Past Events	SpaceHead
12	20060522234104	http://www.catalyticsouls.com/forums/viewtopic.php?t=38&view=next	38	cave fest electronic half :)	Past Events	SpaceHead
12	20061107004238	http://www.catalyticsouls.com/forums/viewtopic.php?t=38&start=0	38	cave fest electronic half :)	Past Events	SpaceHead
12	20060522231020	http://www.catalyticsouls.com/forums/viewtopic.php?t=39&view=next	39	Tickets for CaveFest!	Past Events	Guest
12	20060522231027	http://www.catalyticsouls.com/forums/viewtopic.php?t=39&view=previous	39	Tickets for CaveFest!	Past Events	Guest
12	20060522231234	http://www.catalyticsouls.com/forums/viewtopic.php?t=39	39	Tickets for CaveFest!	Past Events	Guest
12	20061107004757	http://www.catalyticsouls.com/forums/viewtopic.php?t=39&start=0	39	Tickets for CaveFest!	Past Events	Guest
12	20060522225241	http://www.catalyticsouls.com/forums/viewtopic.php?t=42&view=previous	42	cavemanexperience	Discussion	shelby
12	20060522225245	http://www.catalyticsouls.com/forums/viewtopic.php?t=42&view=next	42	cavemanexperience	Discussion	shelby
12	20060522225940	http://www.catalyticsouls.com/forums/viewtopic.php?t=42&start=0	42	cavemanexperience	Discussion	shelby
12	20060522232235	http://www.catalyticsouls.com/forums/viewtopic.php?t=46	46	CaveStock 1 photos	photos	Guest
12	20060522234221	http://www.catalyticsouls.com/forums/viewtopic.php?t=46&view=previous	46	CaveStock 1 photos	photos	Guest
12	20060522230922	http://www.catalyticsouls.com/forums/viewtopic.php?t=53&view=previous	53	cave fest 2005	Feedback	Dj Derve
12	20060522231400	http://www.catalyticsouls.com/forums/viewtopic.php?t=59&view=next	59	PICS: Cavefest: 16 April 2005	photos	K_I_T
12	20060522225323	http://www.catalyticsouls.com/forums/viewtopic.php?t=60&view=next	60	PICS: Cavefest: 16 April 2005	Discussion	K_I_T
12	20060522225327	http://www.catalyticsouls.com/forums/viewtopic.php?t=60&view=previous	60	PICS: Cavefest: 16 April 2005	Discussion	K_I_T
12	20060522224535	http://www.catalyticsouls.com/forums/viewtopic.php?t=61	61	The CleanUp Crew	CaveStock 2	negan
12	20060522224540	http://www.catalyticsouls.com/forums/viewtopic.php?t=61&view=next	61	The CleanUp Crew	CaveStock 2	negan
12	20060522224522	http://www.catalyticsouls.com/forums/viewtopic.php?t=75&start=0	75	Info about cavestock2	CaveStock 2	zesty
12	20060522224527	http://www.catalyticsouls.com/forums/viewtopic.php?t=75&view=next	75	Info about cavestock2	CaveStock 2	zesty
12	20060522224531	http://www.catalyticsouls.com/forums/viewtopic.php?t=75&view=previous	75	Info about cavestock2	CaveStock 2	zesty
12	20060522224620	http://www.catalyticsouls.com/forums/viewtopic.php?t=130	130	About a vendor	CaveStock 2	jshay
12	20060522233456	http://www.catalyticsouls.com/forums/viewtopic.php?t=130&view=next	130	About a vendor	CaveStock 2	jshay
12	20060522233504	http://www.catalyticsouls.com/forums/viewtopic.php?t=147&view=previous	147	Carpool from Cape to Cavestock	RideShare	dragonflybee
12	20060522233510	http://www.catalyticsouls.com/forums/viewtopic.php?t=147&view=next	147	Carpool from Cape to Cavestock	RideShare	dragonflybee
12	20060522224616	http://www.catalyticsouls.com/forums/viewtopic.php?t=149	149	Rumor: Cavestock cancled?	CaveStock 2	sugarmag420
12	20060522233448	http://www.catalyticsouls.com/forums/viewtopic.php?t=149&view=next	149	Rumor: Cavestock cancled?	CaveStock 2	sugarmag420
12	20060522234404	http://www.catalyticsouls.com/forums/viewtopic.php?t=194&view=previous	194	CaveFest06	CaveFest06 420 edition	shakedown
12	20060522234408	http://www.catalyticsouls.com/forums/viewtopic.php?t=194&view=next	194	CaveFest06	CaveFest06 420 edition	shakedown
12	20060522234344	http://www.catalyticsouls.com/forums/viewtopic.php?t=211&view=next	211	CaveFest 06 official info:	CaveFest06 420 edition	tomfoolery
12	20060522234348	http://www.catalyticsouls.com/forums/viewtopic.php?t=211&view=previous	211	CaveFest 06 official info:	CaveFest06 420 edition	tomfoolery
12	20060522225555	http://www.catalyticsouls.com/forums/viewtopic.php?t=218&view=previous	218	CaveFest 06 age limit	Discussion	roccopalooza
12	20060522225600	http://www.catalyticsouls.com/forums/viewtopic.php?t=218&view=next	218	CaveFest 06 age limit	Discussion	roccopalooza
12	20061106213412	http://www.catalyticsouls.com/forums/viewtopic.php?t=219&view=previous	219	CaveFest 06 age limit	CaveFest06 420 edition	roccopalooza
12	20060522234430	http://www.catalyticsouls.com/forums/viewtopic.php?t=262&view=next	262	DIRECTIONS	CaveFest06 420 edition	jamminallday
12	20061106213349	http://www.catalyticsouls.com/forums/viewtopic.php?t=262&view=previous	262	DIRECTIONS	CaveFest06 420 edition	jamminallday
12	20060522234422	http://www.catalyticsouls.com/forums/viewtopic.php?t=263&view=next	263	TRASHBAGS!	CaveFest06 420 edition	jamminallday
12	20060522234425	http://www.catalyticsouls.com/forums/viewtopic.php?t=263&view=previous	263	TRASHBAGS!	CaveFest06 420 edition	jamminallday
12	20060522234414	http://www.catalyticsouls.com/forums/viewtopic.php?t=271&view=next	271	what time does the music run till?	CaveFest06 420 edition	Lord Mandrake
12	20060522234419	http://www.catalyticsouls.com/forums/viewtopic.php?t=271&view=previous	271	what time does the music run till?	CaveFest06 420 edition	Lord Mandrake
12	20060522234247	http://www.catalyticsouls.com/forums/viewtopic.php?t=313&view=previous	313	Derve's cavestock 06 pics	photos	Guest
12	20060522234257	http://www.catalyticsouls.com/forums/viewtopic.php?t=313&view=next	313	Derve's cavestock 06 pics	photos	Guest
12	20060522234331	http://www.catalyticsouls.com/forums/viewtopic.php?t=315&view=previous	315	thank you	CaveFest06 420 edition	djandy_b
12	20060522234335	http://www.catalyticsouls.com/forums/viewtopic.php?t=315&view=next	315	thank you	CaveFest06 420 edition	djandy_b
12	20060522224450	http://www.catalyticsouls.com/forums/viewtopic.php?t=318&view=next	318	Cavefest 06 420 edition.........	Event Reviews	djandy_b
12	20060522224454	http://www.catalyticsouls.com/forums/viewtopic.php?t=318&view=previous	318	Cavefest 06 420 edition.........	Event Reviews	djandy_b
12	20060522232946	http://www.catalyticsouls.com/forums/viewtopic.php?t=352&view=previous	352	VENDORS?	CaveFest06 420 edition	DEVIANT
12	20060522232950	http://www.catalyticsouls.com/forums/viewtopic.php?t=352&view=next	352	VENDORS?	CaveFest06 420 edition	DEVIANT
12	20060522230808	http://www.catalyticsouls.com/forums/viewtopic.php?t=360&view=previous	360	CAVE JAM	Cave Jam Solstice Fest w/ Vince Herman	tomfoolery
12	20060522230811	http://www.catalyticsouls.com/forums/viewtopic.php?t=360	360	CAVE JAM	Cave Jam Solstice Fest w/ Vince Herman	tomfoolery
12	20061106205036	http://www.catalyticsouls.com/forums/viewtopic.php?t=360&start=0	360	CAVE JAM	Cave Jam Solstice Fest w/ Vince Herman	tomfoolery
12	20061106205041	http://www.catalyticsouls.com/forums/viewtopic.php?t=360&view=next	360	CAVE JAM	Cave Jam Solstice Fest w/ Vince Herman	tomfoolery
12	20061106205227	http://www.catalyticsouls.com/forums/viewtopic.php?t=360&start=30	360	CAVE JAM	Cave Jam Solstice Fest w/ Vince Herman	tomfoolery
12	20061106210009	http://www.catalyticsouls.com/forums/viewtopic.php?t=360&start=15	360	CAVE JAM	Cave Jam Solstice Fest w/ Vince Herman	tomfoolery
12	20061106224152	http://www.catalyticsouls.com/forums/viewtopic.php?t=360&postdays=0&postorder=asc&start=15	360	CAVE JAM	Cave Jam Solstice Fest w/ Vince Herman	tomfoolery
12	20061106224207	http://www.catalyticsouls.com/forums/viewtopic.php?t=360&start=0&postdays=0&postorder=asc&highlight=	360	CAVE JAM	Cave Jam Solstice Fest w/ Vince Herman	tomfoolery
12	20061106224211	http://www.catalyticsouls.com/forums/viewtopic.php?t=360&postdays=0&postorder=asc&start=30	360	CAVE JAM	Cave Jam Solstice Fest w/ Vince Herman	tomfoolery
12	20061106224536	http://www.catalyticsouls.com/forums/viewtopic.php?t=373&view=previous	373	I'm pumped	Cave Jam Solstice Fest w/ Vince Herman	deadhead13althea
12	20061106224532	http://www.catalyticsouls.com/forums/viewtopic.php?t=375&view=previous	375	Where is this cave jam advertised?	Cave Jam Solstice Fest w/ Vince Herman	jshay
12	20061106224555	http://www.catalyticsouls.com/forums/viewtopic.php?t=375&view=next	375	Where is this cave jam advertised?	Cave Jam Solstice Fest w/ Vince Herman	jshay
12	20061106224615	http://www.catalyticsouls.com/forums/viewtopic.php?t=375&start=0&postdays=0&postorder=asc&highlight=	375	Where is this cave jam advertised?	Cave Jam Solstice Fest w/ Vince Herman	jshay
12	20061106224641	http://www.catalyticsouls.com/forums/viewtopic.php?t=375&start=0	375	Where is this cave jam advertised?	Cave Jam Solstice Fest w/ Vince Herman	jshay
12	20061106204957	http://www.catalyticsouls.com/forums/viewtopic.php?t=376	376	Cave Country June 16-17	Dust Trails Presents CaveCountry	tomfoolery
12	20061106223223	http://www.catalyticsouls.com/forums/viewtopic.php?t=376&start=0&postdays=0&postorder=asc&highlight=	376	Cave Country June 16-17	Dust Trails Presents CaveCountry	tomfoolery
12	20061106223240	http://www.catalyticsouls.com/forums/viewtopic.php?t=376&view=previous	376	Cave Country June 16-17	Dust Trails Presents CaveCountry	tomfoolery
12	20061106223244	http://www.catalyticsouls.com/forums/viewtopic.php?t=376&start=0	376	Cave Country June 16-17	Dust Trails Presents CaveCountry	tomfoolery
12	20061106220941	http://www.catalyticsouls.com/forums/viewtopic.php?t=416&view=previous	416	wht kind of music will be played at cavestock 3?	Event Listings	squalo
12	20061106213852	http://www.catalyticsouls.com/forums/viewtopic.php?t=457&view=next	457	Rockin out in the cave once more!!!	CAVESTOCK 3	Fraunt Trozner
12	20061106220133	http://www.catalyticsouls.com/forums/viewtopic.php?t=569&view=next	569	Rideshare?	CAVESTOCK 3	sheva
12	20061106220047	http://www.catalyticsouls.com/forums/viewtopic.php?t=610	610	The Dervish mixin it up Live at Cavestock 3 Sept 23rd 06	CAVESTOCK 3	teknohippie
12	20061106220052	http://www.catalyticsouls.com/forums/viewtopic.php?t=610&view=next	610	The Dervish mixin it up Live at Cavestock 3 Sept 23rd 06	CAVESTOCK 3	teknohippie
12	20061106231258	http://www.catalyticsouls.com/forums/viewtopic.php?t=733	733	Akira Fubuki japanese b	Cave Jam Solstice Fest w/ Vince Herman	Enceterjoha
12	20061106231302	http://www.catalyticsouls.com/forums/viewtopic.php?t=733&view=previous	733	Akira Fubuki japanese b	Cave Jam Solstice Fest w/ Vince Herman	Enceterjoha
12	20061106231455	http://www.catalyticsouls.com/forums/viewtopic.php?t=747	747	wow	Cave Jam Solstice Fest w/ Vince Herman	Moted60
12	20061106205338	http://www.catalyticsouls.com/forums/viewtopic.php?t=874	874	busty black babes	Cave Jam Solstice Fest w/ Vince Herman	free busty babes gallerie
12	20061106230603	http://www.catalyticsouls.com/forums/viewtopic.php?t=874&view=next	874	busty black babes	Cave Jam Solstice Fest w/ Vince Herman	free busty babes gallerie
12	20061106230607	http://www.catalyticsouls.com/forums/viewtopic.php?t=874&start=0&postdays=0&postorder=asc&highlight=	874	busty black babes	Cave Jam Solstice Fest w/ Vince Herman	free busty babes gallerie
12	20061106230611	http://www.catalyticsouls.com/forums/viewtopic.php?t=874&start=0	874	busty black babes	Cave Jam Solstice Fest w/ Vince Herman	free busty babes gallerie
12	20061106210042	http://www.catalyticsouls.com/forums/viewtopic.php?t=906	906	Shakira fun site!	Cave Jam Solstice Fest w/ Vince Herman	Encejobastardup
12	20061106225604	http://www.catalyticsouls.com/forums/viewtopic.php?t=906&start=0	906	Shakira fun site!	Cave Jam Solstice Fest w/ Vince Herman	Encejobastardup
12	20061106225653	http://www.catalyticsouls.com/forums/viewtopic.php?t=906&view=previous	906	Shakira fun site!	Cave Jam Solstice Fest w/ Vince Herman	Encejobastardup
12	20061106225658	http://www.catalyticsouls.com/forums/viewtopic.php?t=906&start=0&postdays=0&postorder=asc&highlight=	906	Shakira fun site!	Cave Jam Solstice Fest w/ Vince Herman	Encejobastardup
12	20061106205832	http://www.catalyticsouls.com/forums/viewtopic.php?t=940	940	penis enlargement	Cave Jam Solstice Fest w/ Vince Herman	penis_enlargement
12	20061106232517	http://www.catalyticsouls.com/forums/viewtopic.php?t=940&view=next	940	penis enlargement	Cave Jam Solstice Fest w/ Vince Herman	penis_enlargement
12	20061106232521	http://www.catalyticsouls.com/forums/viewtopic.php?t=940&view=previous	940	penis enlargement	Cave Jam Solstice Fest w/ Vince Herman	penis_enlargement
12	20061106232531	http://www.catalyticsouls.com/forums/viewtopic.php?t=940&start=0&postdays=0&postorder=asc&highlight=	940	penis enlargement	Cave Jam Solstice Fest w/ Vince Herman	penis_enlargement
12	20061106210026	http://www.catalyticsouls.com/forums/viewtopic.php?t=949	949	airline tickets	Cave Jam Solstice Fest w/ Vince Herman	airline_tickets
12	20061106230708	http://www.catalyticsouls.com/forums/viewtopic.php?t=949&start=0&postdays=0&postorder=asc&highlight=	949	airline tickets	Cave Jam Solstice Fest w/ Vince Herman	airline_tickets
12	20061106230712	http://www.catalyticsouls.com/forums/viewtopic.php?t=949&view=previous	949	airline tickets	Cave Jam Solstice Fest w/ Vince Herman	airline_tickets
12	20061106230724	http://www.catalyticsouls.com/forums/viewtopic.php?t=949&view=next	949	airline tickets	Cave Jam Solstice Fest w/ Vince Herman	airline_tickets
12	20061106210059	http://www.catalyticsouls.com/forums/viewtopic.php?t=955	955	penis enlargement	Cave Jam Solstice Fest w/ Vince Herman	penis_enlargement
12	20061106225754	http://www.catalyticsouls.com/forums/viewtopic.php?t=955&view=previous	955	penis enlargement	Cave Jam Solstice Fest w/ Vince Herman	penis_enlargement
12	20061106225807	http://www.catalyticsouls.com/forums/viewtopic.php?t=955&view=next	955	penis enlargement	Cave Jam Solstice Fest w/ Vince Herman	penis_enlargement
12	20061106225812	http://www.catalyticsouls.com/forums/viewtopic.php?t=955&start=0&postdays=0&postorder=asc&highlight=	955	penis enlargement	Cave Jam Solstice Fest w/ Vince Herman	penis_enlargement
12.5	20060522225029	http://www.catalyticsouls.com/forums/viewtopic.php?t=133	133	Welcome to the Police State known as "Utah" . . .	Discussion	Tangent
12.5	20060522225034	http://www.catalyticsouls.com/forums/viewtopic.php?t=133&view=previous	133	Welcome to the Police State known as "Utah" . . .	Discussion	Tangent
12.5	20060522223551	http://www.catalyticsouls.com/forums/viewtopic.php?t=139&view=previous	139	GRAVE DANCING/ OCT 15/ Carbondale IL	Event Listings	zesty
12.5	20060522223555	http://www.catalyticsouls.com/forums/viewtopic.php?t=139&view=next	139	GRAVE DANCING/ OCT 15/ Carbondale IL	Event Listings	zesty
12.5	20060522224129	http://www.catalyticsouls.com/forums/viewtopic.php?t=139	139	GRAVE DANCING/ OCT 15/ Carbondale IL	Event Listings	zesty
12.5	20060522233427	http://www.catalyticsouls.com/forums/viewtopic.php?t=203&view=previous	203	Gaia+Craveone+Blueprint+Jinxx:EuropeNiteClub:Thurs26JAN2006	Event Listings	K_I_T
12.5	20061106211937	http://www.catalyticsouls.com/forums/viewtopic.php?t=627	627	Lot of 110 Techno, Trance and House records for sale	Discussion	groove culture
12.5	20061106211957	http://www.catalyticsouls.com/forums/viewtopic.php?t=627&view=next	627	Lot of 110 Techno, Trance and House records for sale	Discussion	groove culture
12.5	20061107002238	http://www.catalyticsouls.com/forums/viewtopic.php?t=627&start=0&postdays=0&postorder=asc&highlight=	627	Lot of 110 Techno, Trance and House records for sale	Discussion	groove culture
12.5	20061107002245	http://www.catalyticsouls.com/forums/viewtopic.php?t=627&view=previous	627	Lot of 110 Techno, Trance and House records for sale	Discussion	groove culture
13	20060522223430	http://www.catalyticsouls.com/forums/viewtopic.php?t=177&view=next	177	WINTER WONDERLAND CHICAGO DEC 17TH	Event Listings	Source
13	20060522223434	http://www.catalyticsouls.com/forums/viewtopic.php?t=177&view=previous	177	WINTER WONDERLAND CHICAGO DEC 17TH	Event Listings	Source
13.2	20060522225517	http://www.catalyticsouls.com/forums/viewtopic.php?t=68	68	FACTORe and Evol Intent Mixes for DL!	Discussion	tomfoolery
13.2	20060522225520	http://www.catalyticsouls.com/forums/viewtopic.php?t=68&view=next	68	FACTORe and Evol Intent Mixes for DL!	Discussion	tomfoolery
13.2	20060522225157	http://www.catalyticsouls.com/forums/viewtopic.php?t=113	113	Breaks Mix	Discussion	tomfoolery
13.2	20060522225201	http://www.catalyticsouls.com/forums/viewtopic.php?t=113&view=next	113	Breaks Mix	Discussion	tomfoolery
13.2	20060522233245	http://www.catalyticsouls.com/forums/viewtopic.php?t=160&view=previous	160	BArn Yard Boogie 4 Nov. 4 Peoria IL	Event Listings	tomfoolery
13.2	20060522233002	http://www.catalyticsouls.com/forums/viewtopic.php?t=164&view=next	164	The Spirit of Ozz Festival	The Spirit Of Ozz 10/21-22	tomfoolery
13.2	20060522233007	http://www.catalyticsouls.com/forums/viewtopic.php?t=164&view=previous	164	The Spirit of Ozz Festival	The Spirit Of Ozz 10/21-22	tomfoolery
13.2	20060522223717	http://www.catalyticsouls.com/forums/viewtopic.php?t=174&view=next	174	PsychoTronic w/ FACTORe 12/8-10	Event Listings	tomfoolery
13.2	20060522225020	http://www.catalyticsouls.com/forums/viewtopic.php?t=184&view=previous	184	Champaigne Super Nova	Discussion	tomfoolery
13.2	20060522225402	http://www.catalyticsouls.com/forums/viewtopic.php?t=192&view=next	192	new mix from me	Discussion	tomfoolery
13.2	20060522225406	http://www.catalyticsouls.com/forums/viewtopic.php?t=192&view=previous	192	new mix from me	Discussion	tomfoolery
13.2	20060522231221	http://www.catalyticsouls.com/forums/viewtopic.php?t=231	231	nothing here	Past Events	tomfoolery
13.2	20060522234052	http://www.catalyticsouls.com/forums/viewtopic.php?t=231&view=previous	231	nothing here	Past Events	tomfoolery
13.2	20060522234055	http://www.catalyticsouls.com/forums/viewtopic.php?t=231&view=next	231	nothing here	Past Events	tomfoolery
13.2	20061107011255	http://www.catalyticsouls.com/forums/viewtopic.php?t=231&start=0	231	nothing here	Past Events	tomfoolery
13.2	20060522223633	http://www.catalyticsouls.com/forums/viewtopic.php?t=254&view=next	254	3-31 Wilmington NC A Phamily Affair	Event Listings	tomfoolery
13.2	20060522224153	http://www.catalyticsouls.com/forums/viewtopic.php?t=255	255	STL, MO 4-15 HeavyWeight Stylez	Event Listings	tomfoolery
13.2	20060522233313	http://www.catalyticsouls.com/forums/viewtopic.php?t=255&view=next	255	STL, MO 4-15 HeavyWeight Stylez	Event Listings	tomfoolery
13.5	20060522230056	http://www.catalyticsouls.com/forums/viewtopic.php?t=5&view=next	5	Tom Foolery	Introductions	Guest
13.5	20060522230101	http://www.catalyticsouls.com/forums/viewtopic.php?t=5&view=previous	5	Tom Foolery	Introductions	Guest
13.5	20060522230121	http://www.catalyticsouls.com/forums/viewtopic.php?t=7	7	Ch-ch-ch-check it ouuuuuuuut.......	Introductions	Tangent
13.5	20060522233901	http://www.catalyticsouls.com/forums/viewtopic.php?t=7&view=previous	7	Ch-ch-ch-check it ouuuuuuuut.......	Introductions	Tangent
13.5	20060522230540	http://www.catalyticsouls.com/forums/viewtopic.php?t=12	12	You know you want to read this!	Introductions	yitic
13.5	20060522233919	http://www.catalyticsouls.com/forums/viewtopic.php?t=12&view=previous	12	You know you want to read this!	Introductions	yitic
13.5	20060522230625	http://www.catalyticsouls.com/forums/viewtopic.php?t=14	14	Scott	Introductions	Scott
13.5	20060522234034	http://www.catalyticsouls.com/forums/viewtopic.php?t=14&view=previous	14	Scott	Introductions	Scott
13.5	20060522230151	http://www.catalyticsouls.com/forums/viewtopic.php?t=16	16	BluBoy	Introductions	DJ BluBoy
13.5	20060522230155	http://www.catalyticsouls.com/forums/viewtopic.php?t=16&view=next	16	BluBoy	Introductions	DJ BluBoy
13.5	20060522230334	http://www.catalyticsouls.com/forums/viewtopic.php?t=17	17	SpaceHead	Introductions	SpaceHead
13.5	20060522230338	http://www.catalyticsouls.com/forums/viewtopic.php?t=17&view=next	17	SpaceHead	Introductions	SpaceHead
13.5	20060522230913	http://www.catalyticsouls.com/forums/viewtopic.php?t=22&view=previous	22	Hey Hey Hey post some feedback :) !!!	Feedback	SpaceHead
13.5	20060522230930	http://www.catalyticsouls.com/forums/viewtopic.php?t=22	22	Hey Hey Hey post some feedback :) !!!	Feedback	SpaceHead
13.5	20060522230142	http://www.catalyticsouls.com/forums/viewtopic.php?t=23&view=previous	23	Hey all	Introductions	djxdcc
13.5	20060522230146	http://www.catalyticsouls.com/forums/viewtopic.php?t=23&view=next	23	Hey all	Introductions	djxdcc
13.5	20060522230027	http://www.catalyticsouls.com/forums/viewtopic.php?t=26&view=previous	26	Jesse Adams	Introductions	jadams
13.5	20060522230031	http://www.catalyticsouls.com/forums/viewtopic.php?t=26&view=next	26	Jesse Adams	Introductions	jadams
13.5	20060522230522	http://www.catalyticsouls.com/forums/viewtopic.php?t=29	29	Dj derve	Introductions	Dj Derve
13.5	20060522233927	http://www.catalyticsouls.com/forums/viewtopic.php?t=29&view=next	29	Dj derve	Introductions	Dj Derve
13.5	20060522230349	http://www.catalyticsouls.com/forums/viewtopic.php?t=31	31	Slow burn, then BAM!	Introductions	Dona
13.5	20060522230352	http://www.catalyticsouls.com/forums/viewtopic.php?t=31&view=previous	31	Slow burn, then BAM!	Introductions	Dona
13.5	20060522230615	http://www.catalyticsouls.com/forums/viewtopic.php?t=43	43	I made it	Introductions	Reperkushin
13.5	20060522233834	http://www.catalyticsouls.com/forums/viewtopic.php?t=43&view=next	43	I made it	Introductions	Reperkushin
13.5	20060522231427	http://www.catalyticsouls.com/forums/viewtopic.php?t=44&view=previous	44	Shawnee Cave Ampitheater Photos	photos	Guest
13.5	20060522231431	http://www.catalyticsouls.com/forums/viewtopic.php?t=44&view=next	44	Shawnee Cave Ampitheater Photos	photos	Guest
13.5	20060522230238	http://www.catalyticsouls.com/forums/viewtopic.php?t=50	50	Big up from K_I_T in STL!	Introductions	K_I_T
13.5	20060522230244	http://www.catalyticsouls.com/forums/viewtopic.php?t=50&view=previous	50	Big up from K_I_T in STL!	Introductions	K_I_T
13.5	20060522230533	http://www.catalyticsouls.com/forums/viewtopic.php?t=52	52	yea yea	Introductions	diab0lik
13.5	20060522233844	http://www.catalyticsouls.com/forums/viewtopic.php?t=52&view=next	52	yea yea	Introductions	diab0lik
13.5	20060522231157	http://www.catalyticsouls.com/forums/viewtopic.php?t=55	55	Thanks	Past Events	Reperkushin
13.5	20060522234108	http://www.catalyticsouls.com/forums/viewtopic.php?t=55&view=previous	55	Thanks	Past Events	Reperkushin
13.5	20060522230435	http://www.catalyticsouls.com/forums/viewtopic.php?t=57	57	Dedication Crew - St. Louis, MO	Introductions	dedication
13.5	20060522233946	http://www.catalyticsouls.com/forums/viewtopic.php?t=57&view=next	57	Dedication Crew - St. Louis, MO	Introductions	dedication
13.5	20060522230408	http://www.catalyticsouls.com/forums/viewtopic.php?t=73	73	Zesty!	Introductions	zesty
13.5	20060522230427	http://www.catalyticsouls.com/forums/viewtopic.php?t=76&view=previous	76	hello.. my name is michael	Introductions	djmichaelwenz
13.5	20060522230431	http://www.catalyticsouls.com/forums/viewtopic.php?t=76&view=next	76	hello.. my name is michael	Introductions	djmichaelwenz
13.5	20060522230739	http://www.catalyticsouls.com/forums/viewtopic.php?t=84	84	Hallo peoples	Introductions	computer controlled
13.5	20060522234044	http://www.catalyticsouls.com/forums/viewtopic.php?t=84&view=previous	84	Hallo peoples	Introductions	computer controlled
13.5	20060522231329	http://www.catalyticsouls.com/forums/viewtopic.php?t=85	85	PICS : POSH @ U Lounge : Monday 23 May 2005	photos	K_I_T
13.5	20060522231333	http://www.catalyticsouls.com/forums/viewtopic.php?t=85&view=previous	85	PICS : POSH @ U Lounge : Monday 23 May 2005	photos	K_I_T
13.5	20060522232239	http://www.catalyticsouls.com/forums/viewtopic.php?t=117	117	teating	photos	Dj Derve
13.5	20060522234311	http://www.catalyticsouls.com/forums/viewtopic.php?t=117&view=next	117	teating	photos	Dj Derve
13.5	20060522231439	http://www.catalyticsouls.com/forums/viewtopic.php?t=118	118	a few pics	photos	Dj Derve
13.5	20060522234229	http://www.catalyticsouls.com/forums/viewtopic.php?t=118&view=next	118	a few pics	photos	Dj Derve
13.5	20060522230630	http://www.catalyticsouls.com/forums/viewtopic.php?t=127	127	PsyTrance Maddness in the Flesh	Introductions	dj Dragon
13.5	20060522230653	http://www.catalyticsouls.com/forums/viewtopic.php?t=128	128	D.J. M.D.	Introductions	thcsyndicate
13.5	20060522234014	http://www.catalyticsouls.com/forums/viewtopic.php?t=128&view=next	128	D.J. M.D.	Introductions	thcsyndicate
13.5	20060522233935	http://www.catalyticsouls.com/forums/viewtopic.php?t=140&view=previous	140	DJ NitroN	Introductions	DJ NitroN
13.5	20060522233939	http://www.catalyticsouls.com/forums/viewtopic.php?t=140&view=next	140	DJ NitroN	Introductions	DJ NitroN
13.5	20060522230112	http://www.catalyticsouls.com/forums/viewtopic.php?t=143	143	Howdy from Murphy	Introductions	Jayzer
13.5	20060522230316	http://www.catalyticsouls.com/forums/viewtopic.php?t=150&view=next	150	My name is Lilly.	Introductions	skablam
13.5	20060522230320	http://www.catalyticsouls.com/forums/viewtopic.php?t=150&view=previous	150	My name is Lilly.	Introductions	skablam
13.5	20060522230217	http://www.catalyticsouls.com/forums/viewtopic.php?t=157&view=previous	157	I am DeadMan!!	Introductions	DeadMan
13.5	20060522230221	http://www.catalyticsouls.com/forums/viewtopic.php?t=157&view=next	157	I am DeadMan!!	Introductions	DeadMan
13.5	20060522225834	http://www.catalyticsouls.com/forums/viewtopic.php?t=158	158	Hey Bitches!!!!	Discussion	DeadMan
13.5	20060522233655	http://www.catalyticsouls.com/forums/viewtopic.php?t=158&view=next	158	Hey Bitches!!!!	Discussion	DeadMan
13.5	20060522230543	http://www.catalyticsouls.com/forums/viewtopic.php?t=167	167	IT'S	Introductions	unklryan
13.5	20060522233912	http://www.catalyticsouls.com/forums/viewtopic.php?t=167&view=next	167	IT'S	Introductions	unklryan
13.5	20060522223811	http://www.catalyticsouls.com/forums/viewtopic.php?t=172	172	Midwest Breaks Sun. Derve & Guest Mix by Dj Annalyze	Event Listings	Dj Derve
13.5	20060522233347	http://www.catalyticsouls.com/forums/viewtopic.php?t=172&view=previous	172	Midwest Breaks Sun. Derve & Guest Mix by Dj Annalyze	Event Listings	Dj Derve
13.5	20060522233338	http://www.catalyticsouls.com/forums/viewtopic.php?t=175&view=next	175	STL/Thanksgiving Night/Europe Nite Club/Thursday 24 NOV 2005	Event Listings	K_I_T
13.5	20060522223755	http://www.catalyticsouls.com/forums/viewtopic.php?t=176	176	STL:TheDayAfterThanksgiving:CrescentRoom:Fri25NOV2005:FREE	Event Listings	K_I_T
13.5	20060522233144	http://www.catalyticsouls.com/forums/viewtopic.php?t=176&view=next	176	STL:TheDayAfterThanksgiving:CrescentRoom:Fri25NOV2005:FREE	Event Listings	K_I_T
13.5	20060522225735	http://www.catalyticsouls.com/forums/viewtopic.php?t=201	201	Check out this mix and let me know what ya think!!!!	Discussion	Dj Derve
13.5	20060522230456	http://www.catalyticsouls.com/forums/viewtopic.php?t=209	209	Murphy venue gots a shiny new MySpace	Introductions	Jayzer
13.5	20060522234005	http://www.catalyticsouls.com/forums/viewtopic.php?t=209&view=previous	209	Murphy venue gots a shiny new MySpace	Introductions	Jayzer
13.5	20060522230300	http://www.catalyticsouls.com/forums/viewtopic.php?t=213&view=next	213	n00b intro	Introductions	xanax4breakfast
13.5	20060522230305	http://www.catalyticsouls.com/forums/viewtopic.php?t=213&view=previous	213	n00b intro	Introductions	xanax4breakfast
13.5	20060522231455	http://www.catalyticsouls.com/forums/viewtopic.php?t=220&view=next	220	c-dale sports blast pics	photos	Guest
13.5	20060522231459	http://www.catalyticsouls.com/forums/viewtopic.php?t=220&view=previous	220	c-dale sports blast pics	photos	Guest
13.5	20060522230720	http://www.catalyticsouls.com/forums/viewtopic.php?t=221	221	hi	Introductions	burnthesystem
13.5	20060522234021	http://www.catalyticsouls.com/forums/viewtopic.php?t=221&view=next	221	hi	Introductions	burnthesystem
13.5	20060522230323	http://www.catalyticsouls.com/forums/viewtopic.php?t=232	232	I am Benji Ramsey	Introductions	vj benji ramsey
13.5	20060522230327	http://www.catalyticsouls.com/forums/viewtopic.php?t=232&view=next	232	I am Benji Ramsey	Introductions	vj benji ramsey
13.5	20060522225130	http://www.catalyticsouls.com/forums/viewtopic.php?t=236&view=previous	236	Mixes for download	Discussion	UnitOvOne
13.5	20060522225135	http://www.catalyticsouls.com/forums/viewtopic.php?t=236&view=next	236	Mixes for download	Discussion	UnitOvOne
13.5	20060522225427	http://www.catalyticsouls.com/forums/viewtopic.php?t=241	241	New Catacomb Mix!!!!!!	Discussion	miloinkc
13.5	20060522233548	http://www.catalyticsouls.com/forums/viewtopic.php?t=241&view=previous	241	New Catacomb Mix!!!!!!	Discussion	miloinkc
13.5	20060522231348	http://www.catalyticsouls.com/forums/viewtopic.php?t=249&view=next	249	328 Flicks from last years Cave Party @ StudioGangstas.net	photos	DjSerby
13.5	20060522231353	http://www.catalyticsouls.com/forums/viewtopic.php?t=249&view=previous	249	328 Flicks from last years Cave Party @ StudioGangstas.net	photos	DjSerby
13.5	20060522225512	http://www.catalyticsouls.com/forums/viewtopic.php?t=258	258	DEAD P.A. on the road part 1 w/ pics	Discussion	papa zero
13.5	20060522233527	http://www.catalyticsouls.com/forums/viewtopic.php?t=258&view=next	258	DEAD P.A. on the road part 1 w/ pics	Discussion	papa zero
13.5	20060522230607	http://www.catalyticsouls.com/forums/viewtopic.php?t=264	264	Yoooo	Introductions	jamminallday
13.5	20060522233956	http://www.catalyticsouls.com/forums/viewtopic.php?t=264&view=previous	264	Yoooo	Introductions	jamminallday
13.5	20060522230716	http://www.catalyticsouls.com/forums/viewtopic.php?t=276	276	Hello	Introductions	Justin_Sane
13.5	20060522230039	http://www.catalyticsouls.com/forums/viewtopic.php?t=341&view=next	341	Hiyas!	Introductions	sfranke
13.5	20060522230043	http://www.catalyticsouls.com/forums/viewtopic.php?t=341&view=previous	341	Hiyas!	Introductions	sfranke
13.5	20060522230447	http://www.catalyticsouls.com/forums/viewtopic.php?t=351	351	HELLO	Introductions	DEVIANT
13.5	20060522233853	http://www.catalyticsouls.com/forums/viewtopic.php?t=351&view=next	351	HELLO	Introductions	DEVIANT
13.5	20060522225056	http://www.catalyticsouls.com/forums/viewtopic.php?t=358	358	live dnb pics...DEAD P.A. in Baton Rouge, Corpus & Edinb	Discussion	papa zero
13.5	20060522233642	http://www.catalyticsouls.com/forums/viewtopic.php?t=358&view=next	358	live dnb pics...DEAD P.A. in Baton Rouge, Corpus & Edinb	Discussion	papa zero
13.5	20061107003024	http://www.catalyticsouls.com/forums/viewtopic.php?t=472	472	Master Mix Disaster	Discussion	head_trip2005
13.5	20061106212306	http://www.catalyticsouls.com/forums/viewtopic.php?t=813	813	Hello, I'm new!	Discussion	Inga_Shneider
13.5	20061107001007	http://www.catalyticsouls.com/forums/viewtopic.php?t=813&view=next	813	Hello, I'm new!	Discussion	Inga_Shneider
13.5	20061107001018	http://www.catalyticsouls.com/forums/viewtopic.php?t=813&start=0	813	Hello, I'm new!	Discussion	Inga_Shneider
13.5	20061107001026	http://www.catalyticsouls.com/forums/viewtopic.php?t=813&view=previous	813	Hello, I'm new!	Discussion	Inga_Shneider
13.5	20061106212116	http://www.catalyticsouls.com/forums/viewtopic.php?t=977	977	Just wanted to say thanks	Discussion	StuartVallance
13.5	20061107002418	http://www.catalyticsouls.com/forums/viewtopic.php?t=977&start=0	977	Just wanted to say thanks	Discussion	StuartVallance
13.5	20061107002431	http://www.catalyticsouls.com/forums/viewtopic.php?t=977&start=0&postdays=0&postorder=asc&highlight=	977	Just wanted to say thanks	Discussion	StuartVallance
13.5	20061107002434	http://www.catalyticsouls.com/forums/viewtopic.php?t=977&view=previous	977	Just wanted to say thanks	Discussion	StuartVallance
13.6	20061106221505	http://www.catalyticsouls.com/forums/viewtopic.php?t=870	870	11.18.2008 // "BACK TO THE RAW" // STL	Event Listings	Scotty Mac
17	20060522225313	http://www.catalyticsouls.com/forums/viewtopic.php?t=8&start=0	8	What are you listening to?	Discussion	Tangent
17	20060522225414	http://www.catalyticsouls.com/forums/viewtopic.php?t=8	8	What are you listening to?	Discussion	Tangent
17	20060522233734	http://www.catalyticsouls.com/forums/viewtopic.php?t=8&view=next	8	What are you listening to?	Discussion	Tangent
17	20060522230007	http://www.catalyticsouls.com/forums/viewtopic.php?t=9	9	What was the last film you watched?	Discussion	Tangent
17	20060522233825	http://www.catalyticsouls.com/forums/viewtopic.php?t=9&view=next	9	What was the last film you watched?	Discussion	Tangent
17	20060522233831	http://www.catalyticsouls.com/forums/viewtopic.php?t=9&view=previous	9	What was the last film you watched?	Discussion	Tangent
17	20060522225454	http://www.catalyticsouls.com/forums/viewtopic.php?t=10&start=0	10	What's the latest dope party/show you've been to?	Discussion	Tangent
17	20060522225849	http://www.catalyticsouls.com/forums/viewtopic.php?t=10	10	What's the latest dope party/show you've been to?	Discussion	Tangent
17	20060522233744	http://www.catalyticsouls.com/forums/viewtopic.php?t=10&view=previous	10	What's the latest dope party/show you've been to?	Discussion	Tangent
17	20060522225535	http://www.catalyticsouls.com/forums/viewtopic.php?t=15	15	WDBX thursday night at midnight FM 91.1	Discussion	Guest
17	20060522233752	http://www.catalyticsouls.com/forums/viewtopic.php?t=15&view=next	15	WDBX thursday night at midnight FM 91.1	Discussion	Guest
17	20060522224808	http://www.catalyticsouls.com/forums/viewtopic.php?t=25	25	St. louis Carpool	RideShare	SpaceHead
17	20060522224813	http://www.catalyticsouls.com/forums/viewtopic.php?t=25&view=previous	25	St. louis Carpool	RideShare	SpaceHead
17	20060522231251	http://www.catalyticsouls.com/forums/viewtopic.php?t=30	30	Directions to the cave	Past Events	Guest
17	20060522234212	http://www.catalyticsouls.com/forums/viewtopic.php?t=30&view=previous	30	Directions to the cave	Past Events	Guest
17	20060522231319	http://www.catalyticsouls.com/forums/viewtopic.php?t=33	33	Prices and Tickets?	Past Events	Joshua
17	20060522234136	http://www.catalyticsouls.com/forums/viewtopic.php?t=33&view=next	33	Prices and Tickets?	Past Events	Joshua
17	20061107011022	http://www.catalyticsouls.com/forums/viewtopic.php?t=33&view=previous	33	Prices and Tickets?	Past Events	Joshua
17	20061107011035	http://www.catalyticsouls.com/forums/viewtopic.php?t=33&start=0&postdays=0&postorder=asc&highlight=	33	Prices and Tickets?	Past Events	Joshua
17	20060522233810	http://www.catalyticsouls.com/forums/viewtopic.php?t=35&view=previous	35	Everyone Good Stuff Here !!!!! &#^*@#$! :)	Discussion	SpaceHead
17	20060522233817	http://www.catalyticsouls.com/forums/viewtopic.php?t=35&view=next	35	Everyone Good Stuff Here !!!!! &#^*@#$! :)	Discussion	SpaceHead
17	20060522231259	http://www.catalyticsouls.com/forums/viewtopic.php?t=36&view=next	36	Whats the catalytic expericence like?	Past Events	joker_420
17	20060522231302	http://www.catalyticsouls.com/forums/viewtopic.php?t=36&view=previous	36	Whats the catalytic expericence like?	Past Events	joker_420
17	20060522231306	http://www.catalyticsouls.com/forums/viewtopic.php?t=36	36	Whats the catalytic expericence like?	Past Events	joker_420
17	20060522234121	http://www.catalyticsouls.com/forums/viewtopic.php?t=45&view=next	45	Blues Fest and Cave Rock Festival flyer	Past Events	Guest
17	20060522234128	http://www.catalyticsouls.com/forums/viewtopic.php?t=45&view=previous	45	Blues Fest and Cave Rock Festival flyer	Past Events	Guest
17	20060522231154	http://www.catalyticsouls.com/forums/viewtopic.php?t=47	47	Security?	Past Events	Fraunt Trozner
17	20060522234151	http://www.catalyticsouls.com/forums/viewtopic.php?t=47&view=next	47	Security?	Past Events	Fraunt Trozner
17	20060522234155	http://www.catalyticsouls.com/forums/viewtopic.php?t=47&view=previous	47	Security?	Past Events	Fraunt Trozner
17	20061107004926	http://www.catalyticsouls.com/forums/viewtopic.php?t=47&start=0&postdays=0&postorder=asc&highlight=	47	Security?	Past Events	Fraunt Trozner
17	20060522231005	http://www.catalyticsouls.com/forums/viewtopic.php?t=54&start=15	54	Flyer and Info	Past Events	jadams
17	20060522231008	http://www.catalyticsouls.com/forums/viewtopic.php?t=54&view=previous	54	Flyer and Info	Past Events	jadams
17	20060522231013	http://www.catalyticsouls.com/forums/viewtopic.php?t=54&view=next	54	Flyer and Info	Past Events	jadams
17	20060522231126	http://www.catalyticsouls.com/forums/viewtopic.php?t=54	54	Flyer and Info	Past Events	jadams
17	20060522231229	http://www.catalyticsouls.com/forums/viewtopic.php?t=54&start=0	54	Flyer and Info	Past Events	jadams
17	20061106212812	http://www.catalyticsouls.com/forums/viewtopic.php?t=54&start=30	54	Flyer and Info	Past Events	jadams
17	20061107005441	http://www.catalyticsouls.com/forums/viewtopic.php?t=54&postdays=0&postorder=asc&start=30	54	Flyer and Info	Past Events	jadams
17	20061107005527	http://www.catalyticsouls.com/forums/viewtopic.php?t=54&start=15&postdays=0&postorder=asc&highlight=	54	Flyer and Info	Past Events	jadams
17	20061107005728	http://www.catalyticsouls.com/forums/viewtopic.php?t=54&postdays=0&postorder=asc&start=0	54	Flyer and Info	Past Events	jadams
17	20060522234117	http://www.catalyticsouls.com/forums/viewtopic.php?t=58&view=next	58	bluejam	Past Events	jargon1131
17	20061106213258	http://www.catalyticsouls.com/forums/viewtopic.php?t=58	58	bluejam	Past Events	jargon1131
17	20061107010441	http://www.catalyticsouls.com/forums/viewtopic.php?t=58&start=0	58	bluejam	Past Events	jargon1131
17	20061107010526	http://www.catalyticsouls.com/forums/viewtopic.php?t=58&view=previous	58	bluejam	Past Events	jargon1131
17	20060522225252	http://www.catalyticsouls.com/forums/viewtopic.php?t=63&view=previous	63	Know your rights	Discussion	Guest
17	20060522225257	http://www.catalyticsouls.com/forums/viewtopic.php?t=63&view=next	63	Know your rights	Discussion	Guest
17	20060522230957	http://www.catalyticsouls.com/forums/viewtopic.php?t=67&view=previous	67	For those curious about Evol Intent's The Enemy:	Past Events	Tangent
17	20060522231000	http://www.catalyticsouls.com/forums/viewtopic.php?t=67&view=next	67	For those curious about Evol Intent's The Enemy:	Past Events	Tangent
17	20060522231146	http://www.catalyticsouls.com/forums/viewtopic.php?t=67	67	For those curious about Evol Intent's The Enemy:	Past Events	Tangent
17	20061107010423	http://www.catalyticsouls.com/forums/viewtopic.php?t=67&start=0	67	For those curious about Evol Intent's The Enemy:	Past Events	Tangent
17	20060522224923	http://www.catalyticsouls.com/forums/viewtopic.php?t=86&view=previous	86	good site for some breaks downloads check it	Discussion	Dj Derve
17	20060522224927	http://www.catalyticsouls.com/forums/viewtopic.php?t=86&view=next	86	good site for some breaks downloads check it	Discussion	Dj Derve
17	20060522231238	http://www.catalyticsouls.com/forums/viewtopic.php?t=93	93	Where are the freaks?	Past Events	partition_function
17	20060522234159	http://www.catalyticsouls.com/forums/viewtopic.php?t=93&view=next	93	Where are the freaks?	Past Events	partition_function
17	20060522230905	http://www.catalyticsouls.com/forums/viewtopic.php?t=95	95	New site	Feedback	Guest
17	20060522225751	http://www.catalyticsouls.com/forums/viewtopic.php?t=98	98	did anyone else notice....	Discussion	zesty
17	20060522233605	http://www.catalyticsouls.com/forums/viewtopic.php?t=98&view=previous	98	did anyone else notice....	Discussion	zesty
17	20060522231315	http://www.catalyticsouls.com/forums/viewtopic.php?t=101	101	Ride Requests	Past Events	hardcore_raver777
17	20060522234132	http://www.catalyticsouls.com/forums/viewtopic.php?t=101&view=previous	101	Ride Requests	Past Events	hardcore_raver777
17	20061107010718	http://www.catalyticsouls.com/forums/viewtopic.php?t=101&start=0	101	Ride Requests	Past Events	hardcore_raver777
17	20061107010733	http://www.catalyticsouls.com/forums/viewtopic.php?t=101&view=next	101	Ride Requests	Past Events	hardcore_raver777
17	20060522224725	http://www.catalyticsouls.com/forums/viewtopic.php?t=102	102	Omaha/Iowa/Kansas City -> Murphysboro	RideShare	hardcore_raver777
17	20060522224731	http://www.catalyticsouls.com/forums/viewtopic.php?t=102&view=previous	102	Omaha/Iowa/Kansas City -> Murphysboro	RideShare	hardcore_raver777
17	20060522225955	http://www.catalyticsouls.com/forums/viewtopic.php?t=110	110	July 15-17 GeoLogic An Aestival Festival (Murpysboro)	Discussion	yitic
17	20060522233614	http://www.catalyticsouls.com/forums/viewtopic.php?t=110&view=previous	110	July 15-17 GeoLogic An Aestival Festival (Murpysboro)	Discussion	yitic
17	20060522225826	http://www.catalyticsouls.com/forums/viewtopic.php?t=126	126	Perseid meteor shower peaks 11:59pm Thursday 11 August 2005	Discussion	K_I_T
17	20060522233650	http://www.catalyticsouls.com/forums/viewtopic.php?t=126&view=next	126	Perseid meteor shower peaks 11:59pm Thursday 11 August 2005	Discussion	K_I_T
17	20060522225432	http://www.catalyticsouls.com/forums/viewtopic.php?t=132	132	MySpace	Discussion	Tangent
17	20061107002917	http://www.catalyticsouls.com/forums/viewtopic.php?t=132&view=next	132	MySpace	Discussion	Tangent
17	20060522224224	http://www.catalyticsouls.com/forums/viewtopic.php?t=142	142	Pilgrims and Indians 2- 11-19-05- Dowtown INDY	Event Listings	thcsyndicate
17	20060522224406	http://www.catalyticsouls.com/forums/viewtopic.php?t=142&start=0	142	Pilgrims and Indians 2- 11-19-05- Dowtown INDY	Event Listings	thcsyndicate
17	20060522233302	http://www.catalyticsouls.com/forums/viewtopic.php?t=142&view=previous	142	Pilgrims and Indians 2- 11-19-05- Dowtown INDY	Event Listings	thcsyndicate
17	20060522225807	http://www.catalyticsouls.com/forums/viewtopic.php?t=159	159	Jam Sessions	Discussion	yitic
17	20060522225218	http://www.catalyticsouls.com/forums/viewtopic.php?t=162	162	Software	Discussion	Jayzer
17	20060522225222	http://www.catalyticsouls.com/forums/viewtopic.php?t=162&view=previous	162	Software	Discussion	Jayzer
17	20060522234355	http://www.catalyticsouls.com/forums/viewtopic.php?t=165&view=next	165			
17	20060522224244	http://www.catalyticsouls.com/forums/viewtopic.php?t=166	166	Derve and Tom Foolery to host Midwest Breaks Sunday ibreaks	Event Listings	Dj Derve
17	20060522233254	http://www.catalyticsouls.com/forums/viewtopic.php?t=166&view=next	166	Derve and Tom Foolery to host Midwest Breaks Sunday ibreaks	Event Listings	Dj Derve
17	20060522223641	http://www.catalyticsouls.com/forums/viewtopic.php?t=168	168	robjaytombob :: Europe Nite Club :: Thursday 3 November	Event Listings	K_I_T
17	20060522223645	http://www.catalyticsouls.com/forums/viewtopic.php?t=168&view=previous	168	robjaytombob :: Europe Nite Club :: Thursday 3 November	Event Listings	K_I_T
17	20060522224426	http://www.catalyticsouls.com/forums/viewtopic.php?t=169	169	HELL NIGHT :: Europe Nite Club :: Thursday 27 OCT 2005	Event Listings	K_I_T
17	20060522233329	http://www.catalyticsouls.com/forums/viewtopic.php?t=169&view=next	169	HELL NIGHT :: Europe Nite Club :: Thursday 27 OCT 2005	Event Listings	K_I_T
17	20060522224115	http://www.catalyticsouls.com/forums/viewtopic.php?t=170	170	Ready + Grant Walker::609/U Lounge::Monday 24 October 2005	Event Listings	K_I_T
17	20060522224119	http://www.catalyticsouls.com/forums/viewtopic.php?t=170&view=previous	170	Ready + Grant Walker::609/U Lounge::Monday 24 October 2005	Event Listings	K_I_T
17	20060522224010	http://www.catalyticsouls.com/forums/viewtopic.php?t=173	173	STL:MattBeatz+DamianMaxwell+Yanix:609/ULounge:Mon 7 NOV 2005	Event Listings	K_I_T
17	20060522224015	http://www.catalyticsouls.com/forums/viewtopic.php?t=173&view=next	173	STL:MattBeatz+DamianMaxwell+Yanix:609/ULounge:Mon 7 NOV 2005	Event Listings	K_I_T
17	20060522224312	http://www.catalyticsouls.com/forums/viewtopic.php?t=178	178	Midwest Breaks Sunday with MyTMike and Dj Perplex	Event Listings	Dj Derve
17	20060522233053	http://www.catalyticsouls.com/forums/viewtopic.php?t=178&view=previous	178	Midwest Breaks Sunday with MyTMike and Dj Perplex	Event Listings	Dj Derve
17	20060522223727	http://www.catalyticsouls.com/forums/viewtopic.php?t=179	179	STL/Platespiller + Yanix/609:U Lounge/SUNDAY 13 NOV 2005	Event Listings	K_I_T
17	20060522233134	http://www.catalyticsouls.com/forums/viewtopic.php?t=179&view=next	179	STL/Platespiller + Yanix/609:U Lounge/SUNDAY 13 NOV 2005	Event Listings	K_I_T
17	20060522224205	http://www.catalyticsouls.com/forums/viewtopic.php?t=180&view=next	180	STL/ Miss J + Nosrail / 609:U Lounge / Monday 21 NOV 2005	Event Listings	K_I_T
17	20060522230938	http://www.catalyticsouls.com/forums/viewtopic.php?t=181	181	Midwest Breaks 11-13 tracklisting + download link	Past Events	Guest
17	20060522230941	http://www.catalyticsouls.com/forums/viewtopic.php?t=181&view=next	181	Midwest Breaks 11-13 tracklisting + download link	Past Events	Guest
17	20060522230946	http://www.catalyticsouls.com/forums/viewtopic.php?t=181&view=previous	181	Midwest Breaks 11-13 tracklisting + download link	Past Events	Guest
17	20061107010702	http://www.catalyticsouls.com/forums/viewtopic.php?t=181&start=0	181	Midwest Breaks 11-13 tracklisting + download link	Past Events	Guest
17	20060522225026	http://www.catalyticsouls.com/forums/viewtopic.php?t=182	182	New Year's Eve Parties/Events	Discussion	dragonflybee
17	20060522233632	http://www.catalyticsouls.com/forums/viewtopic.php?t=182&view=previous	182	New Year's Eve Parties/Events	Discussion	dragonflybee
17	20060522223603	http://www.catalyticsouls.com/forums/viewtopic.php?t=183&view=next	183	Sundays Shows on www.ibreaks.co.uk!!!!!!!!!!!!!!!	Event Listings	Dj Derve
17	20060522224342	http://www.catalyticsouls.com/forums/viewtopic.php?t=185	185	Sunday Derve & Perplex to host on Midwest Breaks!!!!!!!!	Event Listings	Dj Derve
17	20060522233410	http://www.catalyticsouls.com/forums/viewtopic.php?t=185&view=previous	185	Sunday Derve & Perplex to host on Midwest Breaks!!!!!!!!	Event Listings	Dj Derve
17	20060522223742	http://www.catalyticsouls.com/forums/viewtopic.php?t=186	186	Winter Warpdrive 12-15-05 Club Europe	Event Listings	Dj Derve
17	20060522223747	http://www.catalyticsouls.com/forums/viewtopic.php?t=186&view=previous	186	Winter Warpdrive 12-15-05 Club Europe	Event Listings	Dj Derve
17	20060522224230	http://www.catalyticsouls.com/forums/viewtopic.php?t=187	187	Sunday 12-4-05 Derve & Angel Farringdon on Midwest Break	Event Listings	Dj Derve
17	20060522233440	http://www.catalyticsouls.com/forums/viewtopic.php?t=187&view=previous	187	Sunday 12-4-05 Derve & Angel Farringdon on Midwest Break	Event Listings	Dj Derve
17	20060522223828	http://www.catalyticsouls.com/forums/viewtopic.php?t=188	188	PanOptic Presents: Lee Coombs @ Ten14 :St. Louis, MO: 1.7.06	Event Listings	Ready
17	20060522223834	http://www.catalyticsouls.com/forums/viewtopic.php?t=188&view=previous	188	PanOptic Presents: Lee Coombs @ Ten14 :St. Louis, MO: 1.7.06	Event Listings	Ready
17	20060522223855	http://www.catalyticsouls.com/forums/viewtopic.php?t=190&view=previous	190	Derve & Mitch Mitchum Host Midwest Breaks on SUNDAY	Event Listings	Dj Derve
17	20060522224300	http://www.catalyticsouls.com/forums/viewtopic.php?t=191	191	Sunday Derve & Trippa to host Midwest Breaks on ibreaks	Event Listings	Dj Derve
17	20060522233419	http://www.catalyticsouls.com/forums/viewtopic.php?t=191&view=next	191	Sunday Derve & Trippa to host Midwest Breaks on ibreaks	Event Listings	Dj Derve
17	20060522223329	http://www.catalyticsouls.com/forums/viewtopic.php?t=193	193	Riverfront Beats 6.0 March 24th Port Cape/Cape Girardeau MO	Event Listings	Dj Derve
17	20060522223332	http://www.catalyticsouls.com/forums/viewtopic.php?t=193&view=previous	193	Riverfront Beats 6.0 March 24th Port Cape/Cape Girardeau MO	Event Listings	Dj Derve
17	20060522223908	http://www.catalyticsouls.com/forums/viewtopic.php?t=202	202	Electric Soul coming back : Monthly Carbondale IL. posts	Event Listings	SpaceHead
17	20060522233039	http://www.catalyticsouls.com/forums/viewtopic.php?t=202&view=next	202	Electric Soul coming back : Monthly Carbondale IL. posts	Event Listings	SpaceHead
17	20060522223844	http://www.catalyticsouls.com/forums/viewtopic.php?t=206	206	LIVE BANDS:Psyclon Nine + Helltrash:Tuesday21FEB2006	Event Listings	K_I_T
17	20060522224354	http://www.catalyticsouls.com/forums/viewtopic.php?t=207&view=next	207	Dajamany+Jonah+HeavyweightZoundz::Thursday 2 FEB 2006	Event Listings	K_I_T
17	20060522233400	http://www.catalyticsouls.com/forums/viewtopic.php?t=208&view=previous	208	Neiko + Patriquo :: 609:U Lounge ::Monday 30 JAN 2006	Event Listings	K_I_T
17	20060522225107	http://www.catalyticsouls.com/forums/viewtopic.php?t=210	210	SPACEHEAD...	Discussion	K_I_T
17	20060522225111	http://www.catalyticsouls.com/forums/viewtopic.php?t=210&view=next	210	SPACEHEAD...	Discussion	K_I_T
17	20060522223730	http://www.catalyticsouls.com/forums/viewtopic.php?t=212	212	Miss J + Narcosis :: 609:U Lounge :: Monday 6 FEB 2006	Event Listings	K_I_T
17	20060522223735	http://www.catalyticsouls.com/forums/viewtopic.php?t=212&view=previous	212	Miss J + Narcosis :: 609:U Lounge :: Monday 6 FEB 2006	Event Listings	K_I_T
17	20060522223313	http://www.catalyticsouls.com/forums/viewtopic.php?t=215	215	Narcosis+Jonah+Breakzilla::EuropeNiteClub::Thurs16FEB2006	Event Listings	K_I_T
17	20060522223318	http://www.catalyticsouls.com/forums/viewtopic.php?t=215&view=previous	215	Narcosis+Jonah+Breakzilla::EuropeNiteClub::Thurs16FEB2006	Event Listings	K_I_T
17	20060522224112	http://www.catalyticsouls.com/forums/viewtopic.php?t=216	216	Grant Walker + Patriquo :: 609:U Lounge :: Monday13 FEB 2006	Event Listings	K_I_T
17	20060522233216	http://www.catalyticsouls.com/forums/viewtopic.php?t=216&view=next	216	Grant Walker + Patriquo :: 609:U Lounge :: Monday13 FEB 2006	Event Listings	K_I_T
17	20060522233703	http://www.catalyticsouls.com/forums/viewtopic.php?t=217&view=previous	217	Tom Foolery	Discussion	K_I_T
17	20060522233707	http://www.catalyticsouls.com/forums/viewtopic.php?t=217&view=next	217	Tom Foolery	Discussion	K_I_T
17	20060522224945	http://www.catalyticsouls.com/forums/viewtopic.php?t=222	222	United Junglist Massiv	Discussion	xanax4breakfast
17	20060522224126	http://www.catalyticsouls.com/forums/viewtopic.php?t=223	223	STL: DJ Nitro + DJ Butt Plug : 609:U Lounge :Monday27FEB2006	Event Listings	K_I_T
17	20060522233103	http://www.catalyticsouls.com/forums/viewtopic.php?t=223&view=previous	223	STL: DJ Nitro + DJ Butt Plug : 609:U Lounge :Monday27FEB2006	Event Listings	K_I_T
17	20060522223931	http://www.catalyticsouls.com/forums/viewtopic.php?t=224&view=previous	224	STL: Scotty Mac + DJ Teretz::609:U Lounge::Monday 6 MAR 2006	Event Listings	K_I_T
17	20060522223935	http://www.catalyticsouls.com/forums/viewtopic.php?t=224&view=next	224	STL: Scotty Mac + DJ Teretz::609:U Lounge::Monday 6 MAR 2006	Event Listings	K_I_T
17	20060522223956	http://www.catalyticsouls.com/forums/viewtopic.php?t=235	235	Sunday March 19th Backdraft to guest on Midwest Breaks	Event Listings	Dj Derve
17	20060522233202	http://www.catalyticsouls.com/forums/viewtopic.php?t=235&view=next	235	Sunday March 19th Backdraft to guest on Midwest Breaks	Event Listings	Dj Derve
17	20060522233727	http://www.catalyticsouls.com/forums/viewtopic.php?t=239&view=previous	239	Death Perpetuum Records (Gamet, Mumblz, S.V.S., Gremlinz+)	Discussion	svs
17	20060522233730	http://www.catalyticsouls.com/forums/viewtopic.php?t=239&view=next	239	Death Perpetuum Records (Gamet, Mumblz, S.V.S., Gremlinz+)	Discussion	svs
17	20060522224912	http://www.catalyticsouls.com/forums/viewtopic.php?t=243	243	Darkland US/CANADA Tour (Summer 2006) Gremz, Mumblz, SVS, +	Discussion	svs
17	20060522223437	http://www.catalyticsouls.com/forums/viewtopic.php?t=246	246	STL: Bernard Jones+Jason Ruff::609:U Lounge:Monday20MAR2006	Event Listings	K_I_T
17	20060522223441	http://www.catalyticsouls.com/forums/viewtopic.php?t=246&view=next	246	STL: Bernard Jones+Jason Ruff::609:U Lounge:Monday20MAR2006	Event Listings	K_I_T
17	20060522225119	http://www.catalyticsouls.com/forums/viewtopic.php?t=247	247	oh my god Derve and Backdraft Tearin it up Download!!!	Discussion	Dj Derve
17	20060522225123	http://www.catalyticsouls.com/forums/viewtopic.php?t=247&view=next	247	oh my god Derve and Backdraft Tearin it up Download!!!	Discussion	Dj Derve
17	20060522224414	http://www.catalyticsouls.com/forums/viewtopic.php?t=248	248	STL:TRANCETABILITY BREAKS:EuropeNiteClub:Thursday23March2006	Event Listings	K_I_T
17	20060522233152	http://www.catalyticsouls.com/forums/viewtopic.php?t=248&view=next	248	STL:TRANCETABILITY BREAKS:EuropeNiteClub:Thursday23March2006	Event Listings	K_I_T
17	20060522225636	http://www.catalyticsouls.com/forums/viewtopic.php?t=250	250	Darkus show available for download!!!!!!!	Discussion	Dj Derve
17	20060522233718	http://www.catalyticsouls.com/forums/viewtopic.php?t=250&view=next	250	Darkus show available for download!!!!!!!	Discussion	Dj Derve
17	20060522225915	http://www.catalyticsouls.com/forums/viewtopic.php?t=251	251	Deep Impact to guest on Midwest Breaks April 2nd!!!	Discussion	Dj Derve
17	20060522225920	http://www.catalyticsouls.com/forums/viewtopic.php?t=251&view=previous	251	Deep Impact to guest on Midwest Breaks April 2nd!!!	Discussion	Dj Derve
17	20060522224108	http://www.catalyticsouls.com/forums/viewtopic.php?t=256	256	STL: Mandie + Derve :: 609:U Lounge :: Monday 3 April 2006	Event Listings	K_I_T
17	20060522233226	http://www.catalyticsouls.com/forums/viewtopic.php?t=256&view=next	256	STL: Mandie + Derve :: 609:U Lounge :: Monday 3 April 2006	Event Listings	K_I_T
17	20060522224847	http://www.catalyticsouls.com/forums/viewtopic.php?t=261	261	10K Lakes Festival	Discussion	biscuitboy
17	20060522224853	http://www.catalyticsouls.com/forums/viewtopic.php?t=261&view=next	261	10K Lakes Festival	Discussion	biscuitboy
17	20060522223530	http://www.catalyticsouls.com/forums/viewtopic.php?t=266	266	MIDWEST MIA ROLL CALL JUNE 9&10 PRESENTED BY SUR AMERI	Event Listings	patevil
17	20060522223536	http://www.catalyticsouls.com/forums/viewtopic.php?t=266&view=previous	266	MIDWEST MIA ROLL CALL JUNE 9&10 PRESENTED BY SUR AMERI	Event Listings	patevil
17	20060522224052	http://www.catalyticsouls.com/forums/viewtopic.php?t=268	268	STL: Ken D + Jason Ruff : 609:U Lounge: Monday 10 April 2006	Event Listings	K_I_T
17	20060522233236	http://www.catalyticsouls.com/forums/viewtopic.php?t=268&view=previous	268	STL: Ken D + Jason Ruff : 609:U Lounge: Monday 10 April 2006	Event Listings	K_I_T
17	20060522223614	http://www.catalyticsouls.com/forums/viewtopic.php?t=269	269	Ft. Smith, AR Saturday April 15th :::Matrix::: @ Area 51	Event Listings	johnbourke
17	20060522223620	http://www.catalyticsouls.com/forums/viewtopic.php?t=269&view=previous	269	Ft. Smith, AR Saturday April 15th :::Matrix::: @ Area 51	Event Listings	johnbourke
17	20060522223453	http://www.catalyticsouls.com/forums/viewtopic.php?t=270	270	STL: PSYTRANCE: Miss J + Nosrial::609:U Lounge::Mon17APR2006	Event Listings	K_I_T
17	20060522223456	http://www.catalyticsouls.com/forums/viewtopic.php?t=270&view=next	270	STL: PSYTRANCE: Miss J + Nosrial::609:U Lounge::Mon17APR2006	Event Listings	K_I_T
17	20060522223609	http://www.catalyticsouls.com/forums/viewtopic.php?t=278	278	REVIBE with D:Fuse This Friday	Event Listings	Justin_Sane
17	20060522225626	http://www.catalyticsouls.com/forums/viewtopic.php?t=279	279	Joshua Tree Music Festival 5/19-5/21	Discussion	shakedown889
17	20060522233519	http://www.catalyticsouls.com/forums/viewtopic.php?t=279&view=next	279	Joshua Tree Music Festival 5/19-5/21	Discussion	shakedown889
17	20060522223520	http://www.catalyticsouls.com/forums/viewtopic.php?t=280&view=next	280	STL /Mandie + Sam + Damian Maxwell/609:U Lounge/Mon24APR2006	Event Listings	K_I_T
17	20060522223524	http://www.catalyticsouls.com/forums/viewtopic.php?t=280&view=previous	280	STL /Mandie + Sam + Damian Maxwell/609:U Lounge/Mon24APR2006	Event Listings	K_I_T
17	20060522223347	http://www.catalyticsouls.com/forums/viewtopic.php?t=340&view=next	340	STL /Hexrated + Paul Maul /609:U Lounge /Monday 1 May 2006	Event Listings	K_I_T
17	20060522225004	http://www.catalyticsouls.com/forums/viewtopic.php?t=345	345	Reperkushin - Switchin Off the Safety (S.0.S.) - DL here	Discussion	Reperkushin
17	20060522225008	http://www.catalyticsouls.com/forums/viewtopic.php?t=345&view=next	345	Reperkushin - Switchin Off the Safety (S.0.S.) - DL here	Discussion	Reperkushin
17	20060522224907	http://www.catalyticsouls.com/forums/viewtopic.php?t=346&view=next	346	Wakarusa Here We ComeA MONTH AWAY!!!	Discussion	Feelngroovy0
17	20060522233536	http://www.catalyticsouls.com/forums/viewtopic.php?t=347&view=next	347	play list	Discussion	TomSpenda
17	20060522223816	http://www.catalyticsouls.com/forums/viewtopic.php?t=353	353	STL / Mandie + Jen Ha / 609:U Lounge / Monday 15 May 2006	Event Listings	K_I_T
17	20060522233124	http://www.catalyticsouls.com/forums/viewtopic.php?t=353&view=next	353	STL / Mandie + Jen Ha / 609:U Lounge / Monday 15 May 2006	Event Listings	K_I_T
17	20060522225723	http://www.catalyticsouls.com/forums/viewtopic.php?t=354&view=previous	354	SOUL PHREAK for sale....cd.	Discussion	soulphreak
17	20060522225731	http://www.catalyticsouls.com/forums/viewtopic.php?t=354&view=next	354	SOUL PHREAK for sale....cd.	Discussion	soulphreak
17	20060522225302	http://www.catalyticsouls.com/forums/viewtopic.php?t=355	355	SOUL PHREAK for sale....cd.	Discussion	soulphreak
17	20060522225052	http://www.catalyticsouls.com/forums/viewtopic.php?t=356	356	$20 for Silver or Pink RAZR V3	Discussion	K_I_T
17	20060522223356	http://www.catalyticsouls.com/forums/viewtopic.php?t=362&view=next	362	Harmony Festival 6/09-6/11	Event Listings	darkstar00
17	20060522223401	http://www.catalyticsouls.com/forums/viewtopic.php?t=362&view=previous	362	Harmony Festival 6/09-6/11	Event Listings	darkstar00
17	20060522232853	http://www.catalyticsouls.com/forums/viewtopic.php?t=363&view=next	363	BORN IDLE SHOW 15MAY06 - OLD SKOOL!	Creative Zone	J-BASS
17	20060522232856	http://www.catalyticsouls.com/forums/viewtopic.php?t=363&view=previous	363	BORN IDLE SHOW 15MAY06 - OLD SKOOL!	Creative Zone	J-BASS
17	20060522223917	http://www.catalyticsouls.com/forums/viewtopic.php?t=364	364	STL / Patriquo + Den-E / 609:U Lounge / Monday 22 May 2006	Event Listings	K_I_T
17	20060522233117	http://www.catalyticsouls.com/forums/viewtopic.php?t=364&view=previous	364	STL / Patriquo + Den-E / 609:U Lounge / Monday 22 May 2006	Event Listings	K_I_T
17	20061106212623	http://www.catalyticsouls.com/forums/viewtopic.php?t=367	367	Download Derve and Hyper by 5/28!! Dont Miss it!!!!	Discussion	Dj Derve
17	20061107002547	http://www.catalyticsouls.com/forums/viewtopic.php?t=367&view=previous	367	Download Derve and Hyper by 5/28!! Dont Miss it!!!!	Discussion	Dj Derve
17	20061107002558	http://www.catalyticsouls.com/forums/viewtopic.php?t=367&view=next	367	Download Derve and Hyper by 5/28!! Dont Miss it!!!!	Discussion	Dj Derve
17	20061107002602	http://www.catalyticsouls.com/forums/viewtopic.php?t=367&start=0&postdays=0&postorder=asc&highlight=	367	Download Derve and Hyper by 5/28!! Dont Miss it!!!!	Discussion	Dj Derve
17	20061106220900	http://www.catalyticsouls.com/forums/viewtopic.php?t=370	370	STL / Karizma + Derve / 609:U Lounge / Monday 5 June 2006	Event Listings	K_I_T
17	20061106220906	http://www.catalyticsouls.com/forums/viewtopic.php?t=370&view=next	370	STL / Karizma + Derve / 609:U Lounge / Monday 5 June 2006	Event Listings	K_I_T
17	20061106221331	http://www.catalyticsouls.com/forums/viewtopic.php?t=372	372	COLUMBUS, OH - POTD Supertour 06	Event Listings	alex Forte
17	20061106215044	http://www.catalyticsouls.com/forums/viewtopic.php?t=380&view=next	380			
17	20061106215048	http://www.catalyticsouls.com/forums/viewtopic.php?t=380&view=previous	380			
17	20061106220847	http://www.catalyticsouls.com/forums/viewtopic.php?t=383&view=previous	383	10KLF...can it get any better???	Event Listings	gregshagger
17	20061107003641	http://www.catalyticsouls.com/forums/viewtopic.php?t=386&view=previous	386	I got a question	Discussion	i_have_lost_my_mind
17	20061107003644	http://www.catalyticsouls.com/forums/viewtopic.php?t=386&view=next	386	I got a question	Discussion	i_have_lost_my_mind
17	20061106221546	http://www.catalyticsouls.com/forums/viewtopic.php?t=390&view=next	390	STL / Yanix + Vovka / 609:U Lounge / Monday 26 June 2006	Event Listings	K_I_T
17	20061106221549	http://www.catalyticsouls.com/forums/viewtopic.php?t=390&view=previous	390	STL / Yanix + Vovka / 609:U Lounge / Monday 26 June 2006	Event Listings	K_I_T
17	20061106221159	http://www.catalyticsouls.com/forums/viewtopic.php?t=402&view=next	402	July 15 Indianapolis Midsummer Night's Dream Nigel Richards	Event Listings	Serendipity
17	20061106221204	http://www.catalyticsouls.com/forums/viewtopic.php?t=402&view=previous	402	July 15 Indianapolis Midsummer Night's Dream Nigel Richards	Event Listings	Serendipity
17	20061106220338	http://www.catalyticsouls.com/forums/viewtopic.php?t=404&view=next	404			
17	20061106213924	http://www.catalyticsouls.com/forums/viewtopic.php?t=405	405			
17	20061106214312	http://www.catalyticsouls.com/forums/viewtopic.php?t=406&view=previous	406			
17	20061106221633	http://www.catalyticsouls.com/forums/viewtopic.php?t=407	407	Pickathon Roots Music Festival 8/4 - 8/5	Event Listings	darkstar00
17	20061107003225	http://www.catalyticsouls.com/forums/viewtopic.php?t=411	411	Feel Good Festival, 8/11-8/13	Discussion	Feelngroovy0
17	20061106221137	http://www.catalyticsouls.com/forums/viewtopic.php?t=412&view=next	412	STL/Shawn Harvick+Miss J+Patriquo/609:U Lounge/Mon24July2006	Event Listings	K_I_T
17	20061106221142	http://www.catalyticsouls.com/forums/viewtopic.php?t=412&view=previous	412	STL/Shawn Harvick+Miss J+Patriquo/609:U Lounge/Mon24July2006	Event Listings	K_I_T
17	20061107003200	http://www.catalyticsouls.com/forums/viewtopic.php?t=414	414	Jason Tyler aka Dj Translucent	Discussion	rockerdj
17	20061106214537	http://www.catalyticsouls.com/forums/viewtopic.php?t=418	418			
17	20061106214544	http://www.catalyticsouls.com/forums/viewtopic.php?t=418&view=previous	418			
17	20061106221016	http://www.catalyticsouls.com/forums/viewtopic.php?t=423&view=previous	423	AUG 26TH INDIANAPOLIS-SOUND AFFECT w/ the Vanilla Gorillaz	Event Listings	Serendipity
17	20061106221020	http://www.catalyticsouls.com/forums/viewtopic.php?t=423&view=next	423	AUG 26TH INDIANAPOLIS-SOUND AFFECT w/ the Vanilla Gorillaz	Event Listings	Serendipity
17	20061106215820	http://www.catalyticsouls.com/forums/viewtopic.php?t=427	427			
17	20061106215824	http://www.catalyticsouls.com/forums/viewtopic.php?t=427&view=next	427			
17	20061106212407	http://www.catalyticsouls.com/forums/viewtopic.php?t=429	429	The Spam on this board is out of control.	Discussion	FiSh
17	20061107001937	http://www.catalyticsouls.com/forums/viewtopic.php?t=429&view=previous	429	The Spam on this board is out of control.	Discussion	FiSh
17	20061107002004	http://www.catalyticsouls.com/forums/viewtopic.php?t=429&start=0&postdays=0&postorder=asc&highlight=	429	The Spam on this board is out of control.	Discussion	FiSh
17	20061107002008	http://www.catalyticsouls.com/forums/viewtopic.php?t=429&view=next	429	The Spam on this board is out of control.	Discussion	FiSh
17	20061107003525	http://www.catalyticsouls.com/forums/viewtopic.php?t=430&view=previous	430	Whens the next Festival???????	Discussion	head_trip2005
17	20061107010816	http://www.catalyticsouls.com/forums/viewtopic.php?t=436&view=previous	436			
17	20061107010820	http://www.catalyticsouls.com/forums/viewtopic.php?t=436&view=next	436			
17	20061107010832	http://www.catalyticsouls.com/forums/viewtopic.php?t=436&start=0&postdays=0&postorder=asc&highlight=	436			
17	20061106221616	http://www.catalyticsouls.com/forums/viewtopic.php?t=442	442	(IL)Cabin Fever August-24-27th 2006 Canceled!	Event Listings	teknohippie
17	20061106221101	http://www.catalyticsouls.com/forums/viewtopic.php?t=465&view=next	465	Cabin Fever back on Saturday August 26th at the Complex stl	Event Listings	teknohippie
17	20061106221107	http://www.catalyticsouls.com/forums/viewtopic.php?t=465&view=previous	465	Cabin Fever back on Saturday August 26th at the Complex stl	Event Listings	teknohippie
17	20061107003138	http://www.catalyticsouls.com/forums/viewtopic.php?t=484&view=previous	484	Saline Records	Discussion	groove culture
17	20061107003141	http://www.catalyticsouls.com/forums/viewtopic.php?t=484&view=next	484	Saline Records	Discussion	groove culture
17	20061106211844	http://www.catalyticsouls.com/forums/viewtopic.php?t=498&view=next	498	Download The Dervish Live at U-Lounge August 28th 2006	Discussion	teknohippie
17	20061106212419	http://www.catalyticsouls.com/forums/viewtopic.php?t=498	498	Download The Dervish Live at U-Lounge August 28th 2006	Discussion	teknohippie
17	20061107002040	http://www.catalyticsouls.com/forums/viewtopic.php?t=498&view=previous	498	Download The Dervish Live at U-Lounge August 28th 2006	Discussion	teknohippie
17	20061107002052	http://www.catalyticsouls.com/forums/viewtopic.php?t=498&start=0	498	Download The Dervish Live at U-Lounge August 28th 2006	Discussion	teknohippie
17	20061107001140	http://www.catalyticsouls.com/forums/viewtopic.php?t=503&view=next	503	DJ Spree	Discussion	nova
17	20061107001148	http://www.catalyticsouls.com/forums/viewtopic.php?t=503&view=previous	503	DJ Spree	Discussion	nova
17	20061107001159	http://www.catalyticsouls.com/forums/viewtopic.php?t=503&start=0&postdays=0&postorder=asc&highlight=	503	DJ Spree	Discussion	nova
17	20061107001203	http://www.catalyticsouls.com/forums/viewtopic.php?t=503&start=0	503	DJ Spree	Discussion	nova
17	20061106211529	http://www.catalyticsouls.com/forums/viewtopic.php?t=504&view=previous	504	The 3rd Annual Las Vegas Universal Love Festival	Discussion	shakedown889
17	20061106211854	http://www.catalyticsouls.com/forums/viewtopic.php?t=504	504	The 3rd Annual Las Vegas Universal Love Festival	Discussion	shakedown889
17	20061107001115	http://www.catalyticsouls.com/forums/viewtopic.php?t=504&view=next	504	The 3rd Annual Las Vegas Universal Love Festival	Discussion	shakedown889
17	20061107001119	http://www.catalyticsouls.com/forums/viewtopic.php?t=504&start=0	504	The 3rd Annual Las Vegas Universal Love Festival	Discussion	shakedown889
17	20061106221001	http://www.catalyticsouls.com/forums/viewtopic.php?t=505&view=previous	505	Central,IN :: 10.6-8.06 :: PnI3 :: FreeEDMWeekendCelebration	Event Listings	spoololife
17	20061106221420	http://www.catalyticsouls.com/forums/viewtopic.php?t=549&view=previous	549	STL /Ready+Derve+Bran /609:U Lounge/Monday 11 September 2006	Event Listings	K_I_T
17	20061106211742	http://www.catalyticsouls.com/forums/viewtopic.php?t=580&view=next	580	River Roots Live Festival 9/22-9/23	Discussion	darkstar00
17	20061106212641	http://www.catalyticsouls.com/forums/viewtopic.php?t=580	580	River Roots Live Festival 9/22-9/23	Discussion	darkstar00
17	20061107001615	http://www.catalyticsouls.com/forums/viewtopic.php?t=580&view=previous	580	River Roots Live Festival 9/22-9/23	Discussion	darkstar00
17	20061107001632	http://www.catalyticsouls.com/forums/viewtopic.php?t=580&start=0&postdays=0&postorder=asc&highlight=	580	River Roots Live Festival 9/22-9/23	Discussion	darkstar00
17	20061106211432	http://www.catalyticsouls.com/forums/viewtopic.php?t=584	584	Kiss me!!! Kiss my...	Discussion	MissKatties
17	20061107000551	http://www.catalyticsouls.com/forums/viewtopic.php?t=584&view=previous	584	Kiss me!!! Kiss my...	Discussion	MissKatties
17	20061107000554	http://www.catalyticsouls.com/forums/viewtopic.php?t=584&start=0	584	Kiss me!!! Kiss my...	Discussion	MissKatties
17	20061107000603	http://www.catalyticsouls.com/forums/viewtopic.php?t=584&view=next	584	Kiss me!!! Kiss my...	Discussion	MissKatties
17	20061106213827	http://www.catalyticsouls.com/forums/viewtopic.php?t=596&view=previous	596			
17	20061106213831	http://www.catalyticsouls.com/forums/viewtopic.php?t=596&view=next	596			
17	20061106221256	http://www.catalyticsouls.com/forums/viewtopic.php?t=597	597	11.3.06//CLUB RED//BIRMINGHAM//FEAT SHILOH	Event Listings	fitzpatrick
17	20061106221046	http://www.catalyticsouls.com/forums/viewtopic.php?t=606&view=previous	606	STL/cush/Scotty Mac + Shawn Harvick/609:ULounge/FRI29SEP2006	Event Listings	K_I_T
17	20061106221904	http://www.catalyticsouls.com/forums/viewtopic.php?t=611	611	STL / Jen-Z + Zoon / 609:U Lounge / Monday 25 September 2006	Event Listings	K_I_T
17	20061106212556	http://www.catalyticsouls.com/forums/viewtopic.php?t=612	612	sytrohs on catalytic souls	Discussion	sytrohs // riggz
17	20061107004058	http://www.catalyticsouls.com/forums/viewtopic.php?t=612&start=0&postdays=0&postorder=asc&highlight=	612	sytrohs on catalytic souls	Discussion	sytrohs // riggz
17	20061107004102	http://www.catalyticsouls.com/forums/viewtopic.php?t=612&view=previous	612	sytrohs on catalytic souls	Discussion	sytrohs // riggz
17	20061107004105	http://www.catalyticsouls.com/forums/viewtopic.php?t=612&start=0	612	sytrohs on catalytic souls	Discussion	sytrohs // riggz
17	20061106212128	http://www.catalyticsouls.com/forums/viewtopic.php?t=613	613	limewax at the upstairs	Discussion	sytrohs // riggz
17	20061107001645	http://www.catalyticsouls.com/forums/viewtopic.php?t=613&start=0&postdays=0&postorder=asc&highlight=	613	limewax at the upstairs	Discussion	sytrohs // riggz
17	20061107001652	http://www.catalyticsouls.com/forums/viewtopic.php?t=613&view=previous	613	limewax at the upstairs	Discussion	sytrohs // riggz
17	20061107001712	http://www.catalyticsouls.com/forums/viewtopic.php?t=613&view=next	613	limewax at the upstairs	Discussion	sytrohs // riggz
17	20061106221554	http://www.catalyticsouls.com/forums/viewtopic.php?t=615	615	stl // limewax	Event Listings	sytrohs // riggz
17	20061106214316	http://www.catalyticsouls.com/forums/viewtopic.php?t=623	623			
17	20061106221725	http://www.catalyticsouls.com/forums/viewtopic.php?t=626	626	sept. 30th	Event Listings	shakedown
17	20061106222534	http://www.catalyticsouls.com/forums/viewtopic.php?t=725&view=next	725			
17	20061106213109	http://www.catalyticsouls.com/forums/viewtopic.php?t=742&view=next	742			
17	20061106220946	http://www.catalyticsouls.com/forums/viewtopic.php?t=779	779	**BarnYard Boogie 5** Nov. 4th, 2006 Coming at cha!!!!!	Event Listings	toymaker
17	20061106212604	http://www.catalyticsouls.com/forums/viewtopic.php?t=810&view=next	810	"Invasion" by Mickey Nightrain (mp3 release)	Discussion	groove culture
17	20061107004124	http://www.catalyticsouls.com/forums/viewtopic.php?t=810&start=0&postdays=0&postorder=asc&highlight=	810	"Invasion" by Mickey Nightrain (mp3 release)	Discussion	groove culture
17	20061107004127	http://www.catalyticsouls.com/forums/viewtopic.php?t=810&view=previous	810	"Invasion" by Mickey Nightrain (mp3 release)	Discussion	groove culture
17	20061106221035	http://www.catalyticsouls.com/forums/viewtopic.php?t=837	837	11.24.2006 // FLY + Tyrone Francis // Upstairs Lounge STL	Event Listings	Scotty Mac
17	20061106221232	http://www.catalyticsouls.com/forums/viewtopic.php?t=839	839	11.04.2006 // SCUBA + Scotty Mac // Mercury STL	Event Listings	Scotty Mac
17	20061106221237	http://www.catalyticsouls.com/forums/viewtopic.php?t=839&view=next	839	11.04.2006 // SCUBA + Scotty Mac // Mercury STL	Event Listings	Scotty Mac
17	20061106220925	http://www.catalyticsouls.com/forums/viewtopic.php?t=841	841	11.11.2006 // PHYS ED + Scotty Mac // Lucas School House STL	Event Listings	Scotty Mac
17	20061106214440	http://www.catalyticsouls.com/forums/viewtopic.php?t=842	842			
17	20061106214445	http://www.catalyticsouls.com/forums/viewtopic.php?t=842&view=previous	842			
17	20061106212400	http://www.catalyticsouls.com/forums/viewtopic.php?t=843	843	Chart Returns	Discussion	Scotty Mac
17	20061107001807	http://www.catalyticsouls.com/forums/viewtopic.php?t=843&view=previous	843	Chart Returns	Discussion	Scotty Mac
17	20061107001823	http://www.catalyticsouls.com/forums/viewtopic.php?t=843&start=0	843	Chart Returns	Discussion	Scotty Mac
17	20061107001830	http://www.catalyticsouls.com/forums/viewtopic.php?t=843&view=next	843	Chart Returns	Discussion	Scotty Mac
17	20061106211518	http://www.catalyticsouls.com/forums/viewtopic.php?t=875&view=previous	875	Everything is Automatic.	Discussion	loikrso
17	20061106211645	http://www.catalyticsouls.com/forums/viewtopic.php?t=875	875	Everything is Automatic.	Discussion	loikrso
17	20061107000939	http://www.catalyticsouls.com/forums/viewtopic.php?t=875&start=0&postdays=0&postorder=asc&highlight=	875	Everything is Automatic.	Discussion	loikrso
17	20061107000943	http://www.catalyticsouls.com/forums/viewtopic.php?t=875&view=next	875	Everything is Automatic.	Discussion	loikrso
17	20061106212023	http://www.catalyticsouls.com/forums/viewtopic.php?t=876	876	"If you're into substance abuse and you take enough Som	Discussion	cheap_order_soma
17	20061106212027	http://www.catalyticsouls.com/forums/viewtopic.php?t=876&view=previous	876	"If you're into substance abuse and you take enough Som	Discussion	cheap_order_soma
17	20061107002323	http://www.catalyticsouls.com/forums/viewtopic.php?t=876&view=next	876	"If you're into substance abuse and you take enough Som	Discussion	cheap_order_soma
17	20061107002329	http://www.catalyticsouls.com/forums/viewtopic.php?t=876&start=0&postdays=0&postorder=asc&highlight=	876	"If you're into substance abuse and you take enough Som	Discussion	cheap_order_soma
17	20061106213208	http://www.catalyticsouls.com/forums/viewtopic.php?t=886	886			
17	20061107010617	http://www.catalyticsouls.com/forums/viewtopic.php?t=886&view=previous	886			
17	20061107010622	http://www.catalyticsouls.com/forums/viewtopic.php?t=886&view=next	886			
17	20061107010626	http://www.catalyticsouls.com/forums/viewtopic.php?t=886&start=0	886			
17	20061106212142	http://www.catalyticsouls.com/forums/viewtopic.php?t=887&view=previous	887	It just keeps on growing	Discussion	Philosof
17	20061106212302	http://www.catalyticsouls.com/forums/viewtopic.php?t=887	887	It just keeps on growing	Discussion	Philosof
17	20061107002528	http://www.catalyticsouls.com/forums/viewtopic.php?t=887&view=next	887	It just keeps on growing	Discussion	Philosof
17	20061107002536	http://www.catalyticsouls.com/forums/viewtopic.php?t=887&start=0	887	It just keeps on growing	Discussion	Philosof
17	20061106211538	http://www.catalyticsouls.com/forums/viewtopic.php?t=888	888	My biz is that true	Discussion	PurgoMetka
17	20061107001235	http://www.catalyticsouls.com/forums/viewtopic.php?t=888&start=0&postdays=0&postorder=asc&highlight=	888	My biz is that true	Discussion	PurgoMetka
17	20061107001238	http://www.catalyticsouls.com/forums/viewtopic.php?t=888&view=next	888	My biz is that true	Discussion	PurgoMetka
17	20061107001242	http://www.catalyticsouls.com/forums/viewtopic.php?t=888&view=previous	888	My biz is that true	Discussion	PurgoMetka
17	20061106222700	http://www.catalyticsouls.com/forums/viewtopic.php?t=890	890	adrienne barbeau	The Spirit Of Ozz 10/21-22	Poander40
17	20061106222704	http://www.catalyticsouls.com/forums/viewtopic.php?t=890&view=next	890	adrienne barbeau	The Spirit Of Ozz 10/21-22	Poander40
17	20061106222844	http://www.catalyticsouls.com/forums/viewtopic.php?t=891	891			
17	20061106220439	http://www.catalyticsouls.com/forums/viewtopic.php?t=893	893			
17	20061106212542	http://www.catalyticsouls.com/forums/viewtopic.php?t=894	894	built like a baby	Discussion	ArtisticStudy
17	20061107002804	http://www.catalyticsouls.com/forums/viewtopic.php?t=894&view=next	894	built like a baby	Discussion	ArtisticStudy
17	20061107002812	http://www.catalyticsouls.com/forums/viewtopic.php?t=894&start=0&postdays=0&postorder=asc&highlight=	894	built like a baby	Discussion	ArtisticStudy
17	20061107002815	http://www.catalyticsouls.com/forums/viewtopic.php?t=894&view=previous	894	built like a baby	Discussion	ArtisticStudy
17	20061106222208	http://www.catalyticsouls.com/forums/viewtopic.php?t=896&view=previous	896			
17	20061106211807	http://www.catalyticsouls.com/forums/viewtopic.php?t=898	898	Winter Music Conference	Discussion	inkaddict1979
17	20061107001845	http://www.catalyticsouls.com/forums/viewtopic.php?t=898&view=previous	898	Winter Music Conference	Discussion	inkaddict1979
17	20061107001848	http://www.catalyticsouls.com/forums/viewtopic.php?t=898&view=next	898	Winter Music Conference	Discussion	inkaddict1979
17	20061107001858	http://www.catalyticsouls.com/forums/viewtopic.php?t=898&start=0&postdays=0&postorder=asc&highlight=	898	Winter Music Conference	Discussion	inkaddict1979
17	20061106214606	http://www.catalyticsouls.com/forums/viewtopic.php?t=902&view=next	902			
17	20061106212634	http://www.catalyticsouls.com/forums/viewtopic.php?t=910	910	The best windows antivirus for pc	Discussion	MarrientesAD
17	20061107001210	http://www.catalyticsouls.com/forums/viewtopic.php?t=910&view=next	910	The best windows antivirus for pc	Discussion	MarrientesAD
17	20061107001214	http://www.catalyticsouls.com/forums/viewtopic.php?t=910&view=previous	910	The best windows antivirus for pc	Discussion	MarrientesAD
17	20061107001227	http://www.catalyticsouls.com/forums/viewtopic.php?t=910&start=0&postdays=0&postorder=asc&highlight=	910	The best windows antivirus for pc	Discussion	MarrientesAD
17	20061106212349	http://www.catalyticsouls.com/forums/viewtopic.php?t=911&view=next	911	Important! Safety warning for men	Discussion	Spella85
17	20061106212353	http://www.catalyticsouls.com/forums/viewtopic.php?t=911&view=previous	911	Important! Safety warning for men	Discussion	Spella85
17	20061106212520	http://www.catalyticsouls.com/forums/viewtopic.php?t=911	911	Important! Safety warning for men	Discussion	Spella85
17	20061107004001	http://www.catalyticsouls.com/forums/viewtopic.php?t=911&start=0&postdays=0&postorder=asc&highlight=	911	Important! Safety warning for men	Discussion	Spella85
17	20061106211559	http://www.catalyticsouls.com/forums/viewtopic.php?t=913&view=next	913	Best sites when you can find whatever you wont!	Discussion	MartinGiffler83
17	20061106212244	http://www.catalyticsouls.com/forums/viewtopic.php?t=913	913	Best sites when you can find whatever you wont!	Discussion	MartinGiffler83
17	20061107001317	http://www.catalyticsouls.com/forums/viewtopic.php?t=913&view=previous	913	Best sites when you can find whatever you wont!	Discussion	MartinGiffler83
17	20061107001328	http://www.catalyticsouls.com/forums/viewtopic.php?t=913&start=0	913	Best sites when you can find whatever you wont!	Discussion	MartinGiffler83
17	20061106211920	http://www.catalyticsouls.com/forums/viewtopic.php?t=916	916	The Cardiologist's Funeral	Discussion	SecondAgent
17	20061106211924	http://www.catalyticsouls.com/forums/viewtopic.php?t=916&view=next	916	The Cardiologist's Funeral	Discussion	SecondAgent
17	20061107002144	http://www.catalyticsouls.com/forums/viewtopic.php?t=916&start=0&postdays=0&postorder=asc&highlight=	916	The Cardiologist's Funeral	Discussion	SecondAgent
17	20061107002151	http://www.catalyticsouls.com/forums/viewtopic.php?t=916&start=0	916	The Cardiologist's Funeral	Discussion	SecondAgent
17	20061106212404	http://www.catalyticsouls.com/forums/viewtopic.php?t=917	917	help in russian	Discussion	Mishail09
17	20061107002208	http://www.catalyticsouls.com/forums/viewtopic.php?t=917&view=next	917	help in russian	Discussion	Mishail09
17	20061107002214	http://www.catalyticsouls.com/forums/viewtopic.php?t=917&view=previous	917	help in russian	Discussion	Mishail09
17	20061107002222	http://www.catalyticsouls.com/forums/viewtopic.php?t=917&start=0&postdays=0&postorder=asc&highlight=	917	help in russian	Discussion	Mishail09
17	20061106222226	http://www.catalyticsouls.com/forums/viewtopic.php?t=919&view=previous	919			
17	20061106213815	http://www.catalyticsouls.com/forums/viewtopic.php?t=921&view=next	921			
17	20061106213819	http://www.catalyticsouls.com/forums/viewtopic.php?t=921&view=previous	921			
17	20061106213900	http://www.catalyticsouls.com/forums/viewtopic.php?t=926&view=next	926			
17	20061106213920	http://www.catalyticsouls.com/forums/viewtopic.php?t=927&view=previous	927			
17	20061106213729	http://www.catalyticsouls.com/forums/viewtopic.php?t=930&view=previous	930			
17	20061106213733	http://www.catalyticsouls.com/forums/viewtopic.php?t=930&view=next	930			
17	20061106213754	http://www.catalyticsouls.com/forums/viewtopic.php?t=936&view=next	936			
17	20061106213759	http://www.catalyticsouls.com/forums/viewtopic.php?t=936&view=previous	936			
17	20061106212608	http://www.catalyticsouls.com/forums/viewtopic.php?t=950	950	Asking How to	Discussion	MilkaDE
17	20061107004140	http://www.catalyticsouls.com/forums/viewtopic.php?t=950&view=next	950	Asking How to	Discussion	MilkaDE
17	20061107004144	http://www.catalyticsouls.com/forums/viewtopic.php?t=950&view=previous	950	Asking How to	Discussion	MilkaDE
17	20061107004151	http://www.catalyticsouls.com/forums/viewtopic.php?t=950&start=0&postdays=0&postorder=asc&highlight=	950	Asking How to	Discussion	MilkaDE
17	20061106212042	http://www.catalyticsouls.com/forums/viewtopic.php?t=951	951	Ex Pat Work	Discussion	Jimbopotts
17	20061107000631	http://www.catalyticsouls.com/forums/viewtopic.php?t=951&view=next	951	Ex Pat Work	Discussion	Jimbopotts
17	20061107000639	http://www.catalyticsouls.com/forums/viewtopic.php?t=951&start=0	951	Ex Pat Work	Discussion	Jimbopotts
17	20061107000643	http://www.catalyticsouls.com/forums/viewtopic.php?t=951&view=previous	951	Ex Pat Work	Discussion	Jimbopotts
17	20061106211701	http://www.catalyticsouls.com/forums/viewtopic.php?t=958	958	Dear Gentlemans, any ideas what to do with all that dayly fr	Discussion	LovelyTeen_nikki
17	20061106211705	http://www.catalyticsouls.com/forums/viewtopic.php?t=958&view=next	958	Dear Gentlemans, any ideas what to do with all that dayly fr	Discussion	LovelyTeen_nikki
17	20061107001514	http://www.catalyticsouls.com/forums/viewtopic.php?t=958&start=0	958	Dear Gentlemans, any ideas what to do with all that dayly fr	Discussion	LovelyTeen_nikki
17	20061107001518	http://www.catalyticsouls.com/forums/viewtopic.php?t=958&view=previous	958	Dear Gentlemans, any ideas what to do with all that dayly fr	Discussion	LovelyTeen_nikki
17	20061106212207	http://www.catalyticsouls.com/forums/viewtopic.php?t=962	962	Helo from Singapore girl! :)	Discussion	Sandra_18X
17	20061107001529	http://www.catalyticsouls.com/forums/viewtopic.php?t=962&start=0	962	Helo from Singapore girl! :)	Discussion	Sandra_18X
17	20061107001537	http://www.catalyticsouls.com/forums/viewtopic.php?t=962&view=previous	962	Helo from Singapore girl! :)	Discussion	Sandra_18X
17	20061107001540	http://www.catalyticsouls.com/forums/viewtopic.php?t=962&start=0&postdays=0&postorder=asc&highlight=	962	Helo from Singapore girl! :)	Discussion	Sandra_18X
17	20061106212552	http://www.catalyticsouls.com/forums/viewtopic.php?t=964	964	Not long to xmas	Discussion	SarahHarrison
17	20061107001426	http://www.catalyticsouls.com/forums/viewtopic.php?t=964&start=0&postdays=0&postorder=asc&highlight=	964	Not long to xmas	Discussion	SarahHarrison
17	20061107001430	http://www.catalyticsouls.com/forums/viewtopic.php?t=964&view=previous	964	Not long to xmas	Discussion	SarahHarrison
17	20061107001435	http://www.catalyticsouls.com/forums/viewtopic.php?t=964&view=next	964	Not long to xmas	Discussion	SarahHarrison
17	20061106212612	http://www.catalyticsouls.com/forums/viewtopic.php?t=966	966	havirone sinjore fantosa	Discussion	wwerrtt
17	20061107000733	http://www.catalyticsouls.com/forums/viewtopic.php?t=966&view=next	966	havirone sinjore fantosa	Discussion	wwerrtt
17	20061107000741	http://www.catalyticsouls.com/forums/viewtopic.php?t=966&start=0&postdays=0&postorder=asc&highlight=	966	havirone sinjore fantosa	Discussion	wwerrtt
17	20061107000744	http://www.catalyticsouls.com/forums/viewtopic.php?t=966&start=0	966	havirone sinjore fantosa	Discussion	wwerrtt
17	20061106211452	http://www.catalyticsouls.com/forums/viewtopic.php?t=967&view=previous	967	Smoking stop ways	Discussion	gmmCRtplB
17	20061106211824	http://www.catalyticsouls.com/forums/viewtopic.php?t=967	967	Smoking stop ways	Discussion	gmmCRtplB
17	20061107000710	http://www.catalyticsouls.com/forums/viewtopic.php?t=967&view=next	967	Smoking stop ways	Discussion	gmmCRtplB
17	20061107000713	http://www.catalyticsouls.com/forums/viewtopic.php?t=967&start=0	967	Smoking stop ways	Discussion	gmmCRtplB
17	20061106213911	http://www.catalyticsouls.com/forums/viewtopic.php?t=969&view=next	969			
17	20061106213703	http://www.catalyticsouls.com/forums/viewtopic.php?t=970&view=next	970	Danity Kane r@ped movie!	The Spirit Of Ozz 10/21-22	Pojoder5
17	20061106213707	http://www.catalyticsouls.com/forums/viewtopic.php?t=970&view=previous	970	Danity Kane r@ped movie!	The Spirit Of Ozz 10/21-22	Pojoder5
17	20061106212210	http://www.catalyticsouls.com/forums/viewtopic.php?t=971	971	Sounds of the Wild	Discussion	OnSomebody
17	20061106212214	http://www.catalyticsouls.com/forums/viewtopic.php?t=971&view=previous	971	Sounds of the Wild	Discussion	OnSomebody
17	20061106212217	http://www.catalyticsouls.com/forums/viewtopic.php?t=971&view=next	971	Sounds of the Wild	Discussion	OnSomebody
17	20061107002643	http://www.catalyticsouls.com/forums/viewtopic.php?t=971&start=0&postdays=0&postorder=asc&highlight=	971	Sounds of the Wild	Discussion	OnSomebody
17	20061106212537	http://www.catalyticsouls.com/forums/viewtopic.php?t=972	972	Trophy Wife	Discussion	Canclersha
17	20061107002650	http://www.catalyticsouls.com/forums/viewtopic.php?t=972&view=next	972	Trophy Wife	Discussion	Canclersha
17	20061107002654	http://www.catalyticsouls.com/forums/viewtopic.php?t=972&view=previous	972	Trophy Wife	Discussion	Canclersha
17	20061107002701	http://www.catalyticsouls.com/forums/viewtopic.php?t=972&start=0&postdays=0&postorder=asc&highlight=	972	Trophy Wife	Discussion	Canclersha
17	20061107001448	http://www.catalyticsouls.com/forums/viewtopic.php?t=974&view=previous	974	banks, stock, pay day	Discussion	n0fakes
17	20061107001456	http://www.catalyticsouls.com/forums/viewtopic.php?t=974&view=next	974	banks, stock, pay day	Discussion	n0fakes
17	20061107001500	http://www.catalyticsouls.com/forums/viewtopic.php?t=974&start=0&postdays=0&postorder=asc&highlight=	974	banks, stock, pay day	Discussion	n0fakes
17	20061106212323	http://www.catalyticsouls.com/forums/viewtopic.php?t=976&view=next	976	Some usefull stuff	Discussion	katieforster
17	20061106212638	http://www.catalyticsouls.com/forums/viewtopic.php?t=976	976	Some usefull stuff	Discussion	katieforster
17	20061107002831	http://www.catalyticsouls.com/forums/viewtopic.php?t=976&view=previous	976	Some usefull stuff	Discussion	katieforster
17	20061107002834	http://www.catalyticsouls.com/forums/viewtopic.php?t=976&start=0	976	Some usefull stuff	Discussion	katieforster
17	20061106213721	http://www.catalyticsouls.com/forums/viewtopic.php?t=978&view=previous	978			
17	20061106211547	http://www.catalyticsouls.com/forums/viewtopic.php?t=980&view=next	980	Helper the same as to do	Discussion	PronoVI
17	20061106212503	http://www.catalyticsouls.com/forums/viewtopic.php?t=980	980	Helper the same as to do	Discussion	PronoVI
17	20061107001302	http://www.catalyticsouls.com/forums/viewtopic.php?t=980&view=previous	980	Helper the same as to do	Discussion	PronoVI
17	20061106204508	http://www.catalyticsouls.com/forums/viewtopic.php?t=983	983	Lox eto sudba!	Discussion	LoxEtoSudba
17	20061106204512	http://www.catalyticsouls.com/forums/viewtopic.php?t=983&view=next	983	Lox eto sudba!	Discussion	LoxEtoSudba
17	20061106222921	http://www.catalyticsouls.com/forums/viewtopic.php?t=983&view=previous	983	Lox eto sudba!	Discussion	LoxEtoSudba
17	20061106222950	http://www.catalyticsouls.com/forums/viewtopic.php?t=983&start=0	983	Lox eto sudba!	Discussion	LoxEtoSudba
19.5	20060522225619	http://www.catalyticsouls.com/forums/viewtopic.php?t=77	77	Online Radio	Discussion	Tangent
19.5	20060522233556	http://www.catalyticsouls.com/forums/viewtopic.php?t=77&view=next	77	Online Radio	Discussion	Tangent
19.5	20060522225936	http://www.catalyticsouls.com/forums/viewtopic.php?t=100	100	Online Radio (take 2)	Discussion	Tangent
19.5	20060522233621	http://www.catalyticsouls.com/forums/viewtopic.php?t=100&view=next	100	Online Radio (take 2)	Discussion	Tangent
19.5	20060522231107	http://www.catalyticsouls.com/forums/viewtopic.php?t=103	103	timeslots!	Past Events	tomfoolery
19.5	20060522231112	http://www.catalyticsouls.com/forums/viewtopic.php?t=103&view=previous	103	timeslots!	Past Events	tomfoolery
19.5	20060522231116	http://www.catalyticsouls.com/forums/viewtopic.php?t=103&view=next	103	timeslots!	Past Events	tomfoolery
19.5	20061107005234	http://www.catalyticsouls.com/forums/viewtopic.php?t=103&start=0&postdays=0&postorder=asc&highlight=	103	timeslots!	Past Events	tomfoolery
19.5	20061106211832	http://www.catalyticsouls.com/forums/viewtopic.php?t=678&view=next	678	FREE TRACK FOR DOWNLOAD!!	Discussion	groove culture
19.5	20061106212056	http://www.catalyticsouls.com/forums/viewtopic.php?t=678	678	FREE TRACK FOR DOWNLOAD!!	Discussion	groove culture
19.5	20061107001923	http://www.catalyticsouls.com/forums/viewtopic.php?t=678&view=previous	678	FREE TRACK FOR DOWNLOAD!!	Discussion	groove culture
19.5	20061107001926	http://www.catalyticsouls.com/forums/viewtopic.php?t=678&start=0	678	FREE TRACK FOR DOWNLOAD!!	Discussion	groove culture
19.5	20061106224436	http://www.catalyticsouls.com/forums/viewtopic.php?t=720&start=0&postdays=0&postorder=asc&highlight=	720	mature moms	Cave Jam Solstice Fest w/ Vince Herman	mature post
19.5	20061106224445	http://www.catalyticsouls.com/forums/viewtopic.php?t=720&view=previous	720	mature moms	Cave Jam Solstice Fest w/ Vince Herman	mature post
19.5	20061106224449	http://www.catalyticsouls.com/forums/viewtopic.php?t=720&start=0	720	mature moms	Cave Jam Solstice Fest w/ Vince Herman	mature post
19.5	20061106224521	http://www.catalyticsouls.com/forums/viewtopic.php?t=720&view=next	720	mature moms	Cave Jam Solstice Fest w/ Vince Herman	mature post
19.5	20061106205345	http://www.catalyticsouls.com/forums/viewtopic.php?t=735	735	My Site	Cave Jam Solstice Fest w/ Vince Herman	mjhbk
19.5	20061106205350	http://www.catalyticsouls.com/forums/viewtopic.php?t=735&view=previous	735	My Site	Cave Jam Solstice Fest w/ Vince Herman	mjhbk
19.5	20061106230747	http://www.catalyticsouls.com/forums/viewtopic.php?t=735&start=0&postdays=0&postorder=asc&highlight=	735	My Site	Cave Jam Solstice Fest w/ Vince Herman	mjhbk
19.5	20061106230814	http://www.catalyticsouls.com/forums/viewtopic.php?t=735&view=next	735	My Site	Cave Jam Solstice Fest w/ Vince Herman	mjhbk
19.5	20061106204750	http://www.catalyticsouls.com/forums/viewtopic.php?t=738	738	Aida Yespica p0rnstar!	Dust Trails Presents CaveCountry	Encejoted75
19.5	20061106204757	http://www.catalyticsouls.com/forums/viewtopic.php?t=738&view=next	738	Aida Yespica p0rnstar!	Dust Trails Presents CaveCountry	Encejoted75
19.5	20061106223150	http://www.catalyticsouls.com/forums/viewtopic.php?t=738&start=0	738	Aida Yespica p0rnstar!	Dust Trails Presents CaveCountry	Encejoted75
19.5	20061106223159	http://www.catalyticsouls.com/forums/viewtopic.php?t=738&view=previous	738	Aida Yespica p0rnstar!	Dust Trails Presents CaveCountry	Encejoted75
19.5	20061106231535	http://www.catalyticsouls.com/forums/viewtopic.php?t=744	744	My Site	Cave Jam Solstice Fest w/ Vince Herman	fgjhdf
19.5	20061106204932	http://www.catalyticsouls.com/forums/viewtopic.php?t=748	748	The Titmuss	Dust Trails Presents CaveCountry	Moted60
19.5	20061106223048	http://www.catalyticsouls.com/forums/viewtopic.php?t=748&start=0	748	The Titmuss	Dust Trails Presents CaveCountry	Moted60
19.5	20061106223052	http://www.catalyticsouls.com/forums/viewtopic.php?t=748&view=previous	748	The Titmuss	Dust Trails Presents CaveCountry	Moted60
19.5	20061106223117	http://www.catalyticsouls.com/forums/viewtopic.php?t=748&view=next	748	The Titmuss	Dust Trails Presents CaveCountry	Moted60
19.5	20061106204723	http://www.catalyticsouls.com/forums/viewtopic.php?t=749&view=next	749	The Titmuss	Dust Trails Presents CaveCountry	Moted60
19.5	20061106204824	http://www.catalyticsouls.com/forums/viewtopic.php?t=749	749	The Titmuss	Dust Trails Presents CaveCountry	Moted60
19.5	20061106223023	http://www.catalyticsouls.com/forums/viewtopic.php?t=749&start=0&postdays=0&postorder=asc&highlight=	749	The Titmuss	Dust Trails Presents CaveCountry	Moted60
19.5	20061106223034	http://www.catalyticsouls.com/forums/viewtopic.php?t=749&view=previous	749	The Titmuss	Dust Trails Presents CaveCountry	Moted60
19.5	20061106231803	http://www.catalyticsouls.com/forums/viewtopic.php?t=761	761	My Site	Cave Jam Solstice Fest w/ Vince Herman	gdhf
19.5	20061106231314	http://www.catalyticsouls.com/forums/viewtopic.php?t=770&view=previous	770	tramadol hcl	Cave Jam Solstice Fest w/ Vince Herman	cheap tramadol
19.5	20061106231317	http://www.catalyticsouls.com/forums/viewtopic.php?t=770&view=next	770	tramadol hcl	Cave Jam Solstice Fest w/ Vince Herman	cheap tramadol
19.5	20061106232314	http://www.catalyticsouls.com/forums/viewtopic.php?t=783&view=previous	783	depakote	Cave Jam Solstice Fest w/ Vince Herman	depakote er
19.5	20061106230843	http://www.catalyticsouls.com/forums/viewtopic.php?t=787&view=previous	787	xanax	Cave Jam Solstice Fest w/ Vince Herman	xanax
19.5	20061106230847	http://www.catalyticsouls.com/forums/viewtopic.php?t=787&start=0&postdays=0&postorder=asc&highlight=	787	xanax	Cave Jam Solstice Fest w/ Vince Herman	xanax
19.5	20061106230850	http://www.catalyticsouls.com/forums/viewtopic.php?t=787&start=0	787	xanax	Cave Jam Solstice Fest w/ Vince Herman	xanax
19.5	20061106231831	http://www.catalyticsouls.com/forums/viewtopic.php?t=788&view=next	788	viagra	Cave Jam Solstice Fest w/ Vince Herman	viagra
19.5	20061106231342	http://www.catalyticsouls.com/forums/viewtopic.php?t=796	796	soma cheap	Cave Jam Solstice Fest w/ Vince Herman	soma san diego
19.5	20061106231247	http://www.catalyticsouls.com/forums/viewtopic.php?t=799	799	paxil weight loss	Cave Jam Solstice Fest w/ Vince Herman	paxil weight loss
19.5	20061106231221	http://www.catalyticsouls.com/forums/viewtopic.php?t=816	816	cialis	Cave Jam Solstice Fest w/ Vince Herman	cialis
19.5	20061106231445	http://www.catalyticsouls.com/forums/viewtopic.php?t=818&view=previous	818	buy cialis	Cave Jam Solstice Fest w/ Vince Herman	cialis
19.5	20061106205014	http://www.catalyticsouls.com/forums/viewtopic.php?t=819&view=previous	819	phentermine	Cave Jam Solstice Fest w/ Vince Herman	phentermine
19.5	20061106205018	http://www.catalyticsouls.com/forums/viewtopic.php?t=819&view=next	819	phentermine	Cave Jam Solstice Fest w/ Vince Herman	phentermine
19.5	20061106210050	http://www.catalyticsouls.com/forums/viewtopic.php?t=819	819	phentermine	Cave Jam Solstice Fest w/ Vince Herman	phentermine
19.5	20061106223507	http://www.catalyticsouls.com/forums/viewtopic.php?t=819&start=0&postdays=0&postorder=asc&highlight=	819	phentermine	Cave Jam Solstice Fest w/ Vince Herman	phentermine
19.5	20061106231712	http://www.catalyticsouls.com/forums/viewtopic.php?t=820	820	viagra	Cave Jam Solstice Fest w/ Vince Herman	viagra
19.5	20061106231750	http://www.catalyticsouls.com/forums/viewtopic.php?t=829	829	buy phentermine	Cave Jam Solstice Fest w/ Vince Herman	buy phentermine
19.5	20061106231511	http://www.catalyticsouls.com/forums/viewtopic.php?t=831&view=previous	831	My Site	Cave Jam Solstice Fest w/ Vince Herman	fhgjgfhj
19.5	20061106231212	http://www.catalyticsouls.com/forums/viewtopic.php?t=847&view=previous	847	Mortgage Debt Loans Refinance	Cave Jam Solstice Fest w/ Vince Herman	mortgageloan12345
19.5	20061106231217	http://www.catalyticsouls.com/forums/viewtopic.php?t=847&view=next	847	Mortgage Debt Loans Refinance	Cave Jam Solstice Fest w/ Vince Herman	mortgageloan12345
19.5	20061106210034	http://www.catalyticsouls.com/forums/viewtopic.php?t=854	854	tramadol	Cave Jam Solstice Fest w/ Vince Herman	tramadol
19.5	20061106232748	http://www.catalyticsouls.com/forums/viewtopic.php?t=854&start=0	854	tramadol	Cave Jam Solstice Fest w/ Vince Herman	tramadol
19.5	20061106232809	http://www.catalyticsouls.com/forums/viewtopic.php?t=854&start=0&postdays=0&postorder=asc&highlight=	854	tramadol	Cave Jam Solstice Fest w/ Vince Herman	tramadol
19.5	20061106204815	http://www.catalyticsouls.com/forums/viewtopic.php?t=855&view=previous	855	alprazolam 2 mg picture treatment pain alprazolam cancer	Dust Trails Presents CaveCountry	Tasha1878
19.5	20061106204929	http://www.catalyticsouls.com/forums/viewtopic.php?t=855	855	alprazolam 2 mg picture treatment pain alprazolam cancer	Dust Trails Presents CaveCountry	Tasha1878
19.5	20061106223405	http://www.catalyticsouls.com/forums/viewtopic.php?t=855&start=0	855	alprazolam 2 mg picture treatment pain alprazolam cancer	Dust Trails Presents CaveCountry	Tasha1878
19.5	20061106223413	http://www.catalyticsouls.com/forums/viewtopic.php?t=855&view=next	855	alprazolam 2 mg picture treatment pain alprazolam cancer	Dust Trails Presents CaveCountry	Tasha1878
19.5	20061106231606	http://www.catalyticsouls.com/forums/viewtopic.php?t=856&view=next	856	young porn movies	Cave Jam Solstice Fest w/ Vince Herman	lesbian porn movies
19.5	20061106231612	http://www.catalyticsouls.com/forums/viewtopic.php?t=856&view=previous	856	young porn movies	Cave Jam Solstice Fest w/ Vince Herman	lesbian porn movies
19.5	20061106231515	http://www.catalyticsouls.com/forums/viewtopic.php?t=858	858	alprazolam pictures	Cave Jam Solstice Fest w/ Vince Herman	alprazolam drug
19.5	20061106231651	http://www.catalyticsouls.com/forums/viewtopic.php?t=860	860	gay sex videos	Cave Jam Solstice Fest w/ Vince Herman	hardcore sex videos
19.5	20061106231656	http://www.catalyticsouls.com/forums/viewtopic.php?t=860&view=previous	860	gay sex videos	Cave Jam Solstice Fest w/ Vince Herman	hardcore sex videos
19.5	20061106231551	http://www.catalyticsouls.com/forums/viewtopic.php?t=861	861	alprazolam	Cave Jam Solstice Fest w/ Vince Herman	alprazolam
19.5	20061106231359	http://www.catalyticsouls.com/forums/viewtopic.php?t=862&view=next	862	tramadol	Cave Jam Solstice Fest w/ Vince Herman	tramadol
19.5	20061106223700	http://www.catalyticsouls.com/forums/viewtopic.php?t=865&view=previous	865	free lesbian porn clips	Cave Jam Solstice Fest w/ Vince Herman	free lesbian porn
19.5	20061106223706	http://www.catalyticsouls.com/forums/viewtopic.php?t=865&start=0&postdays=0&postorder=asc&highlight=	865	free lesbian porn clips	Cave Jam Solstice Fest w/ Vince Herman	free lesbian porn
19.5	20061106223711	http://www.catalyticsouls.com/forums/viewtopic.php?t=865&view=next	865	free lesbian porn clips	Cave Jam Solstice Fest w/ Vince Herman	free lesbian porn
19.5	20061106223734	http://www.catalyticsouls.com/forums/viewtopic.php?t=865&start=0	865	free lesbian porn clips	Cave Jam Solstice Fest w/ Vince Herman	free lesbian porn
19.5	20061106205601	http://www.catalyticsouls.com/forums/viewtopic.php?t=867&view=previous	867	Buy viagra	Cave Jam Solstice Fest w/ Vince Herman	John
19.5	20061106205607	http://www.catalyticsouls.com/forums/viewtopic.php?t=867&view=next	867	Buy viagra	Cave Jam Solstice Fest w/ Vince Herman	John
19.5	20061106205910	http://www.catalyticsouls.com/forums/viewtopic.php?t=867	867	Buy viagra	Cave Jam Solstice Fest w/ Vince Herman	John
19.5	20061106232636	http://www.catalyticsouls.com/forums/viewtopic.php?t=867&start=0	867	Buy viagra	Cave Jam Solstice Fest w/ Vince Herman	John
19.5	20061106205027	http://www.catalyticsouls.com/forums/viewtopic.php?t=868&view=previous	868	Buy viagra	Cave Jam Solstice Fest w/ Vince Herman	John
19.5	20061106205032	http://www.catalyticsouls.com/forums/viewtopic.php?t=868&view=next	868	Buy viagra	Cave Jam Solstice Fest w/ Vince Herman	John
19.5	20061106205708	http://www.catalyticsouls.com/forums/viewtopic.php?t=868	868	Buy viagra	Cave Jam Solstice Fest w/ Vince Herman	John
19.5	20061106223633	http://www.catalyticsouls.com/forums/viewtopic.php?t=868&start=0	868	Buy viagra	Cave Jam Solstice Fest w/ Vince Herman	John
19.5	20061106205802	http://www.catalyticsouls.com/forums/viewtopic.php?t=869	869	Buy viagra	Cave Jam Solstice Fest w/ Vince Herman	John
19.5	20061106223748	http://www.catalyticsouls.com/forums/viewtopic.php?t=869&view=next	869	Buy viagra	Cave Jam Solstice Fest w/ Vince Herman	John
19.5	20061106223752	http://www.catalyticsouls.com/forums/viewtopic.php?t=869&view=previous	869	Buy viagra	Cave Jam Solstice Fest w/ Vince Herman	John
19.5	20061106223756	http://www.catalyticsouls.com/forums/viewtopic.php?t=869&start=0&postdays=0&postorder=asc&highlight=	869	Buy viagra	Cave Jam Solstice Fest w/ Vince Herman	John
19.5	20061106205301	http://www.catalyticsouls.com/forums/viewtopic.php?t=871&view=next	871	cialis	Cave Jam Solstice Fest w/ Vince Herman	cialis
19.5	20061106205825	http://www.catalyticsouls.com/forums/viewtopic.php?t=871	871	cialis	Cave Jam Solstice Fest w/ Vince Herman	cialis
19.5	20061106230457	http://www.catalyticsouls.com/forums/viewtopic.php?t=871&start=0&postdays=0&postorder=asc&highlight=	871	cialis	Cave Jam Solstice Fest w/ Vince Herman	cialis
19.5	20061106230516	http://www.catalyticsouls.com/forums/viewtopic.php?t=871&view=previous	871	cialis	Cave Jam Solstice Fest w/ Vince Herman	cialis
19.5	20061106205141	http://www.catalyticsouls.com/forums/viewtopic.php?t=872	872	My Site	Cave Jam Solstice Fest w/ Vince Herman	jgfhjfg
19.5	20061106225305	http://www.catalyticsouls.com/forums/viewtopic.php?t=872&start=0	872	My Site	Cave Jam Solstice Fest w/ Vince Herman	jgfhjfg
19.5	20061106225309	http://www.catalyticsouls.com/forums/viewtopic.php?t=872&view=previous	872	My Site	Cave Jam Solstice Fest w/ Vince Herman	jgfhjfg
19.5	20061106225325	http://www.catalyticsouls.com/forums/viewtopic.php?t=872&view=next	872	My Site	Cave Jam Solstice Fest w/ Vince Herman	jgfhjfg
19.5	20061106205313	http://www.catalyticsouls.com/forums/viewtopic.php?t=873&view=next	873	My Site	Cave Jam Solstice Fest w/ Vince Herman	hgjgfhj
19.5	20061106205947	http://www.catalyticsouls.com/forums/viewtopic.php?t=873	873	My Site	Cave Jam Solstice Fest w/ Vince Herman	hgjgfhj
19.5	20061106230529	http://www.catalyticsouls.com/forums/viewtopic.php?t=873&start=0&postdays=0&postorder=asc&highlight=	873	My Site	Cave Jam Solstice Fest w/ Vince Herman	hgjgfhj
19.5	20061106230547	http://www.catalyticsouls.com/forums/viewtopic.php?t=873&start=0	873	My Site	Cave Jam Solstice Fest w/ Vince Herman	hgjgfhj
19.5	20061106205359	http://www.catalyticsouls.com/forums/viewtopic.php?t=879	879	My Site	Cave Jam Solstice Fest w/ Vince Herman	fghf
19.5	20061106230944	http://www.catalyticsouls.com/forums/viewtopic.php?t=879&view=previous	879	My Site	Cave Jam Solstice Fest w/ Vince Herman	fghf
19.5	20061106231007	http://www.catalyticsouls.com/forums/viewtopic.php?t=879&view=next	879	My Site	Cave Jam Solstice Fest w/ Vince Herman	fghf
19.5	20061106231015	http://www.catalyticsouls.com/forums/viewtopic.php?t=879&start=0&postdays=0&postorder=asc&highlight=	879	My Site	Cave Jam Solstice Fest w/ Vince Herman	fghf
19.5	20061106210000	http://www.catalyticsouls.com/forums/viewtopic.php?t=880	880	ebony teen lesbian	Cave Jam Solstice Fest w/ Vince Herman	ebony teen lesbian
19.5	20061106230307	http://www.catalyticsouls.com/forums/viewtopic.php?t=880&start=0&postdays=0&postorder=asc&highlight=	880	ebony teen lesbian	Cave Jam Solstice Fest w/ Vince Herman	ebony teen lesbian
19.5	20061106230313	http://www.catalyticsouls.com/forums/viewtopic.php?t=880&start=0	880	ebony teen lesbian	Cave Jam Solstice Fest w/ Vince Herman	ebony teen lesbian
19.5	20061106230339	http://www.catalyticsouls.com/forums/viewtopic.php?t=880&view=previous	880	ebony teen lesbian	Cave Jam Solstice Fest w/ Vince Herman	ebony teen lesbian
19.5	20061106212415	http://www.catalyticsouls.com/forums/viewtopic.php?t=881	881	All about debt consolidation. Information about debt consoli	Discussion	debt_consolidation_2006
19.5	20061107002502	http://www.catalyticsouls.com/forums/viewtopic.php?t=881&start=0	881	All about debt consolidation. Information about debt consoli	Discussion	debt_consolidation_2006
19.5	20061107002505	http://www.catalyticsouls.com/forums/viewtopic.php?t=881&view=previous	881	All about debt consolidation. Information about debt consoli	Discussion	debt_consolidation_2006
19.5	20061107002512	http://www.catalyticsouls.com/forums/viewtopic.php?t=881&view=next	881	All about debt consolidation. Information about debt consoli	Discussion	debt_consolidation_2006
19.5	20061106205245	http://www.catalyticsouls.com/forums/viewtopic.php?t=882&view=previous	882	My Site	Cave Jam Solstice Fest w/ Vince Herman	jjfghjfhg
19.5	20061106205251	http://www.catalyticsouls.com/forums/viewtopic.php?t=882&view=next	882	My Site	Cave Jam Solstice Fest w/ Vince Herman	jjfghjfhg
19.5	20061106205518	http://www.catalyticsouls.com/forums/viewtopic.php?t=882	882	My Site	Cave Jam Solstice Fest w/ Vince Herman	jjfghjfhg
19.5	20061106205550	http://www.catalyticsouls.com/forums/viewtopic.php?t=883	883	Tramadol Side Effects	Cave Jam Solstice Fest w/ Vince Herman	Tramadol Side Effects
19.5	20061106230422	http://www.catalyticsouls.com/forums/viewtopic.php?t=883&start=0&postdays=0&postorder=asc&highlight=	883	Tramadol Side Effects	Cave Jam Solstice Fest w/ Vince Herman	Tramadol Side Effects
19.5	20061106230427	http://www.catalyticsouls.com/forums/viewtopic.php?t=883&view=previous	883	Tramadol Side Effects	Cave Jam Solstice Fest w/ Vince Herman	Tramadol Side Effects
19.5	20061106230439	http://www.catalyticsouls.com/forums/viewtopic.php?t=883&view=next	883	Tramadol Side Effects	Cave Jam Solstice Fest w/ Vince Herman	Tramadol Side Effects
19.5	20061106205442	http://www.catalyticsouls.com/forums/viewtopic.php?t=884&view=next	884	My Site	Cave Jam Solstice Fest w/ Vince Herman	ghjfgh
19.5	20061106210141	http://www.catalyticsouls.com/forums/viewtopic.php?t=884	884	My Site	Cave Jam Solstice Fest w/ Vince Herman	ghjfgh
19.5	20061106231112	http://www.catalyticsouls.com/forums/viewtopic.php?t=884&view=previous	884	My Site	Cave Jam Solstice Fest w/ Vince Herman	ghjfgh
19.5	20061106231116	http://www.catalyticsouls.com/forums/viewtopic.php?t=884&start=0&postdays=0&postorder=asc&highlight=	884	My Site	Cave Jam Solstice Fest w/ Vince Herman	ghjfgh
19.5	20061106211913	http://www.catalyticsouls.com/forums/viewtopic.php?t=889&view=previous	889	its cool free movies	Discussion	abcandx
19.5	20061106212616	http://www.catalyticsouls.com/forums/viewtopic.php?t=889	889	its cool free movies	Discussion	abcandx
19.5	20061107002119	http://www.catalyticsouls.com/forums/viewtopic.php?t=889&start=0&postdays=0&postorder=asc&highlight=	889	its cool free movies	Discussion	abcandx
19.5	20061107002128	http://www.catalyticsouls.com/forums/viewtopic.php?t=889&view=next	889	its cool free movies	Discussion	abcandx
19.5	20061106212247	http://www.catalyticsouls.com/forums/viewtopic.php?t=892	892	Cialis - Yeah!! :)	Discussion	DrPhilcials
19.5	20061106212250	http://www.catalyticsouls.com/forums/viewtopic.php?t=892&view=previous	892	Cialis - Yeah!! :)	Discussion	DrPhilcials
19.5	20061106212254	http://www.catalyticsouls.com/forums/viewtopic.php?t=892&view=next	892	Cialis - Yeah!! :)	Discussion	DrPhilcials
19.5	20061107002751	http://www.catalyticsouls.com/forums/viewtopic.php?t=892&start=0&postdays=0&postorder=asc&highlight=	892	Cialis - Yeah!! :)	Discussion	DrPhilcials
19.5	20061106205732	http://www.catalyticsouls.com/forums/viewtopic.php?t=895	895	My Site	Cave Jam Solstice Fest w/ Vince Herman	http://xoomer.virgilio.it
19.5	20061106231139	http://www.catalyticsouls.com/forums/viewtopic.php?t=895&view=previous	895	My Site	Cave Jam Solstice Fest w/ Vince Herman	http://xoomer.virgilio.it
19.5	20061106231156	http://www.catalyticsouls.com/forums/viewtopic.php?t=895&view=next	895	My Site	Cave Jam Solstice Fest w/ Vince Herman	http://xoomer.virgilio.it
19.5	20061106231159	http://www.catalyticsouls.com/forums/viewtopic.php?t=895&start=0	895	My Site	Cave Jam Solstice Fest w/ Vince Herman	http://xoomer.virgilio.it
19.5	20061106205746	http://www.catalyticsouls.com/forums/viewtopic.php?t=899&view=previous	899	teen girls in thongs	Cave Jam Solstice Fest w/ Vince Herman	teen girls nude
19.5	20061106210018	http://www.catalyticsouls.com/forums/viewtopic.php?t=899	899	teen girls in thongs	Cave Jam Solstice Fest w/ Vince Herman	teen girls nude
19.5	20061106232907	http://www.catalyticsouls.com/forums/viewtopic.php?t=899&start=0	899	teen girls in thongs	Cave Jam Solstice Fest w/ Vince Herman	teen girls nude
19.5	20061106232914	http://www.catalyticsouls.com/forums/viewtopic.php?t=899&start=0&postdays=0&postorder=asc&highlight=	899	teen girls in thongs	Cave Jam Solstice Fest w/ Vince Herman	teen girls nude
19.5	20061106205837	http://www.catalyticsouls.com/forums/viewtopic.php?t=900	900	My Site	Cave Jam Solstice Fest w/ Vince Herman	hgjgh
19.5	20061106205842	http://www.catalyticsouls.com/forums/viewtopic.php?t=900&view=next	900	My Site	Cave Jam Solstice Fest w/ Vince Herman	hgjgh
19.5	20061106232922	http://www.catalyticsouls.com/forums/viewtopic.php?t=900&start=0	900	My Site	Cave Jam Solstice Fest w/ Vince Herman	hgjgh
19.5	20061106232934	http://www.catalyticsouls.com/forums/viewtopic.php?t=900&view=previous	900	My Site	Cave Jam Solstice Fest w/ Vince Herman	hgjgh
19.5	20061106205459	http://www.catalyticsouls.com/forums/viewtopic.php?t=903	903	tramadol	Cave Jam Solstice Fest w/ Vince Herman	tramadol
19.5	20061106225521	http://www.catalyticsouls.com/forums/viewtopic.php?t=903&view=previous	903	tramadol	Cave Jam Solstice Fest w/ Vince Herman	tramadol
19.5	20061106225544	http://www.catalyticsouls.com/forums/viewtopic.php?t=903&start=0	903	tramadol	Cave Jam Solstice Fest w/ Vince Herman	tramadol
19.5	20061106225547	http://www.catalyticsouls.com/forums/viewtopic.php?t=903&view=next	903	tramadol	Cave Jam Solstice Fest w/ Vince Herman	tramadol
19.5	20061106205202	http://www.catalyticsouls.com/forums/viewtopic.php?t=904	904	soma	Cave Jam Solstice Fest w/ Vince Herman	soma
19.5	20061106205207	http://www.catalyticsouls.com/forums/viewtopic.php?t=904&view=previous	904	soma	Cave Jam Solstice Fest w/ Vince Herman	soma
19.5	20061106205212	http://www.catalyticsouls.com/forums/viewtopic.php?t=904&view=next	904	soma	Cave Jam Solstice Fest w/ Vince Herman	soma
19.5	20061106225500	http://www.catalyticsouls.com/forums/viewtopic.php?t=904&start=0	904	soma	Cave Jam Solstice Fest w/ Vince Herman	soma
19.5	20061106213337	http://www.catalyticsouls.com/forums/viewtopic.php?t=905&view=next	905	Shakira porn movie!	CaveFest06 420 edition	Encejobastardup
19.5	20061106213341	http://www.catalyticsouls.com/forums/viewtopic.php?t=905&view=previous	905	Shakira porn movie!	CaveFest06 420 edition	Encejobastardup
19.5	20061106232730	http://www.catalyticsouls.com/forums/viewtopic.php?t=907&view=previous	907	mature orgy	Cave Jam Solstice Fest w/ Vince Herman	mature orgy movies
19.5	20061106232734	http://www.catalyticsouls.com/forums/viewtopic.php?t=907&view=next	907	mature orgy	Cave Jam Solstice Fest w/ Vince Herman	mature orgy movies
19.5	20061106232737	http://www.catalyticsouls.com/forums/viewtopic.php?t=907&start=0	907	mature orgy	Cave Jam Solstice Fest w/ Vince Herman	mature orgy movies
19.5	20061106205717	http://www.catalyticsouls.com/forums/viewtopic.php?t=908	908	tramadol	Cave Jam Solstice Fest w/ Vince Herman	tramadol
19.5	20061106205721	http://www.catalyticsouls.com/forums/viewtopic.php?t=908&view=next	908	tramadol	Cave Jam Solstice Fest w/ Vince Herman	tramadol
19.5	20061106205725	http://www.catalyticsouls.com/forums/viewtopic.php?t=908&view=previous	908	tramadol	Cave Jam Solstice Fest w/ Vince Herman	tramadol
19.5	20061106232850	http://www.catalyticsouls.com/forums/viewtopic.php?t=908&start=0	908	tramadol	Cave Jam Solstice Fest w/ Vince Herman	tramadol
19.5	20061106220200	http://www.catalyticsouls.com/forums/viewtopic.php?t=909&view=previous	909	Play Full Tilt Poker with Pros..	CAVESTOCK 3	TendChris933
19.5	20061106210132	http://www.catalyticsouls.com/forums/viewtopic.php?t=914	914	My Site	Cave Jam Solstice Fest w/ Vince Herman	fnghngh
19.5	20061106223535	http://www.catalyticsouls.com/forums/viewtopic.php?t=914&view=next	914	My Site	Cave Jam Solstice Fest w/ Vince Herman	fnghngh
19.5	20061106223541	http://www.catalyticsouls.com/forums/viewtopic.php?t=914&view=previous	914	My Site	Cave Jam Solstice Fest w/ Vince Herman	fnghngh
19.5	20061106223544	http://www.catalyticsouls.com/forums/viewtopic.php?t=914&start=0&postdays=0&postorder=asc&highlight=	914	My Site	Cave Jam Solstice Fest w/ Vince Herman	fnghngh
19.5	20061106212240	http://www.catalyticsouls.com/forums/viewtopic.php?t=915	915	buy viagra online	Discussion	buyviagraonline
19.5	20061107001335	http://www.catalyticsouls.com/forums/viewtopic.php?t=915&start=0	915	buy viagra online	Discussion	buyviagraonline
19.5	20061107001343	http://www.catalyticsouls.com/forums/viewtopic.php?t=915&start=0&postdays=0&postorder=asc&highlight=	915	buy viagra online	Discussion	buyviagraonline
19.5	20061107001346	http://www.catalyticsouls.com/forums/viewtopic.php?t=915&view=previous	915	buy viagra online	Discussion	buyviagraonline
19.5	20061106205446	http://www.catalyticsouls.com/forums/viewtopic.php?t=918	918	best tones online 1	Cave Jam Solstice Fest w/ Vince Herman	Encetedbasander51
19.5	20061106223604	http://www.catalyticsouls.com/forums/viewtopic.php?t=918&view=previous	918	best tones online 1	Cave Jam Solstice Fest w/ Vince Herman	Encetedbasander51
19.5	20061106223607	http://www.catalyticsouls.com/forums/viewtopic.php?t=918&view=next	918	best tones online 1	Cave Jam Solstice Fest w/ Vince Herman	Encetedbasander51
19.5	20061106223612	http://www.catalyticsouls.com/forums/viewtopic.php?t=918&start=0	918	best tones online 1	Cave Jam Solstice Fest w/ Vince Herman	Encetedbasander51
19.5	20061106212225	http://www.catalyticsouls.com/forums/viewtopic.php?t=922	922	best tones online 5	Discussion	Encetedbasander51
19.5	20061106212232	http://www.catalyticsouls.com/forums/viewtopic.php?t=922&view=next	922	best tones online 5	Discussion	Encetedbasander51
19.5	20061107002712	http://www.catalyticsouls.com/forums/viewtopic.php?t=922&start=0	922	best tones online 5	Discussion	Encetedbasander51
19.5	20061107002735	http://www.catalyticsouls.com/forums/viewtopic.php?t=922&view=previous	922	best tones online 5	Discussion	Encetedbasander51
19.5	20061106205050	http://www.catalyticsouls.com/forums/viewtopic.php?t=924	924	best tones online 7	Cave Jam Solstice Fest w/ Vince Herman	Encetedbasander51
19.5	20061106205055	http://www.catalyticsouls.com/forums/viewtopic.php?t=924&view=next	924	best tones online 7	Cave Jam Solstice Fest w/ Vince Herman	Encetedbasander51
19.5	20061106224652	http://www.catalyticsouls.com/forums/viewtopic.php?t=924&view=previous	924	best tones online 7	Cave Jam Solstice Fest w/ Vince Herman	Encetedbasander51
19.5	20061106224659	http://www.catalyticsouls.com/forums/viewtopic.php?t=924&start=0&postdays=0&postorder=asc&highlight=	924	best tones online 7	Cave Jam Solstice Fest w/ Vince Herman	Encetedbasander51
19.5	20061106213457	http://www.catalyticsouls.com/forums/viewtopic.php?t=929	929	best tones online 11	CaveFest06 420 edition	Encetedbasander51
19.5	20061106212012	http://www.catalyticsouls.com/forums/viewtopic.php?t=933	933	best tones online 15	Discussion	Encetedbasander51
19.5	20061107002256	http://www.catalyticsouls.com/forums/viewtopic.php?t=933&view=previous	933	best tones online 15	Discussion	Encetedbasander51
19.5	20061107002303	http://www.catalyticsouls.com/forums/viewtopic.php?t=933&view=next	933	best tones online 15	Discussion	Encetedbasander51
19.5	20061107002307	http://www.catalyticsouls.com/forums/viewtopic.php?t=933&start=0&postdays=0&postorder=asc&highlight=	933	best tones online 15	Discussion	Encetedbasander51
19.5	20061106213513	http://www.catalyticsouls.com/forums/viewtopic.php?t=934&view=next	934	best tones online 16	CaveFest06 420 edition	Encetedbasander51
19.5	20061106210015	http://www.catalyticsouls.com/forums/viewtopic.php?t=937	937	best tones online 19	Cave Jam Solstice Fest w/ Vince Herman	Encetedbasander51
19.5	20061106224732	http://www.catalyticsouls.com/forums/viewtopic.php?t=937&view=next	937	best tones online 19	Cave Jam Solstice Fest w/ Vince Herman	Encetedbasander51
19.5	20061106224751	http://www.catalyticsouls.com/forums/viewtopic.php?t=937&view=previous	937	best tones online 19	Cave Jam Solstice Fest w/ Vince Herman	Encetedbasander51
19.5	20061106224802	http://www.catalyticsouls.com/forums/viewtopic.php?t=937&start=0	937	best tones online 19	Cave Jam Solstice Fest w/ Vince Herman	Encetedbasander51
19.5	20061106205414	http://www.catalyticsouls.com/forums/viewtopic.php?t=938	938	tramadol	Cave Jam Solstice Fest w/ Vince Herman	tramadol
19.5	20061106225211	http://www.catalyticsouls.com/forums/viewtopic.php?t=938&view=previous	938	tramadol	Cave Jam Solstice Fest w/ Vince Herman	tramadol
19.5	20061106225235	http://www.catalyticsouls.com/forums/viewtopic.php?t=938&view=next	938	tramadol	Cave Jam Solstice Fest w/ Vince Herman	tramadol
19.5	20061106225239	http://www.catalyticsouls.com/forums/viewtopic.php?t=938&start=0	938	tramadol	Cave Jam Solstice Fest w/ Vince Herman	tramadol
19.5	20061106205123	http://www.catalyticsouls.com/forums/viewtopic.php?t=939&view=previous	939	buy tramadol	Cave Jam Solstice Fest w/ Vince Herman	tramadol
19.5	20061106210119	http://www.catalyticsouls.com/forums/viewtopic.php?t=939	939	buy tramadol	Cave Jam Solstice Fest w/ Vince Herman	tramadol
19.5	20061106225150	http://www.catalyticsouls.com/forums/viewtopic.php?t=939&start=0	939	buy tramadol	Cave Jam Solstice Fest w/ Vince Herman	tramadol
19.5	20061106225155	http://www.catalyticsouls.com/forums/viewtopic.php?t=939&view=next	939	buy tramadol	Cave Jam Solstice Fest w/ Vince Herman	tramadol
19.5	20061106205355	http://www.catalyticsouls.com/forums/viewtopic.php?t=941	941	mature babes	Cave Jam Solstice Fest w/ Vince Herman	mature moms
19.5	20061106230915	http://www.catalyticsouls.com/forums/viewtopic.php?t=941&view=next	941	mature babes	Cave Jam Solstice Fest w/ Vince Herman	mature moms
19.5	20061106230919	http://www.catalyticsouls.com/forums/viewtopic.php?t=941&view=previous	941	mature babes	Cave Jam Solstice Fest w/ Vince Herman	mature moms
19.5	20061106230935	http://www.catalyticsouls.com/forums/viewtopic.php?t=941&start=0	941	mature babes	Cave Jam Solstice Fest w/ Vince Herman	mature moms
19.5	20061106213403	http://www.catalyticsouls.com/forums/viewtopic.php?t=942&view=next	942	Shakira porn movie!	CaveFest06 420 edition	Tertard
19.5	20061106211755	http://www.catalyticsouls.com/forums/viewtopic.php?t=944	944	Quick Weight Loss Pills. Stop Hair Loss Pills. Relaxant Pill	Discussion	LeviBrawn
19.5	20061106211759	http://www.catalyticsouls.com/forums/viewtopic.php?t=944&view=previous	944	Quick Weight Loss Pills. Stop Hair Loss Pills. Relaxant Pill	Discussion	LeviBrawn
19.5	20061107001735	http://www.catalyticsouls.com/forums/viewtopic.php?t=944&start=0	944	Quick Weight Loss Pills. Stop Hair Loss Pills. Relaxant Pill	Discussion	LeviBrawn
19.5	20061107001742	http://www.catalyticsouls.com/forums/viewtopic.php?t=944&view=next	944	Quick Weight Loss Pills. Stop Hair Loss Pills. Relaxant Pill	Discussion	LeviBrawn
19.5	20061106205820	http://www.catalyticsouls.com/forums/viewtopic.php?t=945	945	http://mosquitoringtone-free.blogspot.com	Cave Jam Solstice Fest w/ Vince Herman	wi42
19.5	20061106225402	http://www.catalyticsouls.com/forums/viewtopic.php?t=945&view=previous	945	http://mosquitoringtone-free.blogspot.com	Cave Jam Solstice Fest w/ Vince Herman	wi42
19.5	20061106225423	http://www.catalyticsouls.com/forums/viewtopic.php?t=945&view=next	945	http://mosquitoringtone-free.blogspot.com	Cave Jam Solstice Fest w/ Vince Herman	wi42
19.5	20061106225430	http://www.catalyticsouls.com/forums/viewtopic.php?t=945&start=0	945	http://mosquitoringtone-free.blogspot.com	Cave Jam Solstice Fest w/ Vince Herman	wi42
19.5	20061106212046	http://www.catalyticsouls.com/forums/viewtopic.php?t=946	946	Play Full Tilt Poker with Pros.	Discussion	TendChris9334
19.5	20061106212049	http://www.catalyticsouls.com/forums/viewtopic.php?t=946&view=previous	946	Play Full Tilt Poker with Pros.	Discussion	TendChris9334
19.5	20061107002355	http://www.catalyticsouls.com/forums/viewtopic.php?t=946&start=0&postdays=0&postorder=asc&highlight=	946	Play Full Tilt Poker with Pros.	Discussion	TendChris9334
19.5	20061107002359	http://www.catalyticsouls.com/forums/viewtopic.php?t=946&view=next	946	Play Full Tilt Poker with Pros.	Discussion	TendChris9334
19.5	20061106205152	http://www.catalyticsouls.com/forums/viewtopic.php?t=947&view=previous	947	tramadol	Cave Jam Solstice Fest w/ Vince Herman	tramadol
19.5	20061106205553	http://www.catalyticsouls.com/forums/viewtopic.php?t=947	947	tramadol	Cave Jam Solstice Fest w/ Vince Herman	tramadol
19.5	20061106225340	http://www.catalyticsouls.com/forums/viewtopic.php?t=947&view=next	947	tramadol	Cave Jam Solstice Fest w/ Vince Herman	tramadol
19.5	20061106205335	http://www.catalyticsouls.com/forums/viewtopic.php?t=948&view=next	948	buy buy carisoprdol	Cave Jam Solstice Fest w/ Vince Herman	buy_carisoprdol
19.5	20061106205503	http://www.catalyticsouls.com/forums/viewtopic.php?t=948	948	buy buy carisoprdol	Cave Jam Solstice Fest w/ Vince Herman	buy_carisoprdol
19.5	20061106230639	http://www.catalyticsouls.com/forums/viewtopic.php?t=948&view=previous	948	buy buy carisoprdol	Cave Jam Solstice Fest w/ Vince Herman	buy_carisoprdol
19.5	20061106230658	http://www.catalyticsouls.com/forums/viewtopic.php?t=948&start=0&postdays=0&postorder=asc&highlight=	948	buy buy carisoprdol	Cave Jam Solstice Fest w/ Vince Herman	buy_carisoprdol
19.5	20061106205104	http://www.catalyticsouls.com/forums/viewtopic.php?t=952&view=next	952	My Site	Cave Jam Solstice Fest w/ Vince Herman	hjhghj
19.5	20061106210104	http://www.catalyticsouls.com/forums/viewtopic.php?t=952	952	My Site	Cave Jam Solstice Fest w/ Vince Herman	hjhghj
19.5	20061106224813	http://www.catalyticsouls.com/forums/viewtopic.php?t=952&start=0	952	My Site	Cave Jam Solstice Fest w/ Vince Herman	hjhghj
19.5	20061106224903	http://www.catalyticsouls.com/forums/viewtopic.php?t=952&view=previous	952	My Site	Cave Jam Solstice Fest w/ Vince Herman	hjhghj
19.5	20061106210149	http://www.catalyticsouls.com/forums/viewtopic.php?t=953	953	http://mosquitoringtone-free.blogspot.com	Cave Jam Solstice Fest w/ Vince Herman	shiloh1b0
19.5	20061106224931	http://www.catalyticsouls.com/forums/viewtopic.php?t=953&view=next	953	http://mosquitoringtone-free.blogspot.com	Cave Jam Solstice Fest w/ Vince Herman	shiloh1b0
19.5	20061106224957	http://www.catalyticsouls.com/forums/viewtopic.php?t=953&view=previous	953	http://mosquitoringtone-free.blogspot.com	Cave Jam Solstice Fest w/ Vince Herman	shiloh1b0
19.5	20061106225004	http://www.catalyticsouls.com/forums/viewtopic.php?t=953&start=0&postdays=0&postorder=asc&highlight=	953	http://mosquitoringtone-free.blogspot.com	Cave Jam Solstice Fest w/ Vince Herman	shiloh1b0
19.5	20061106205510	http://www.catalyticsouls.com/forums/viewtopic.php?t=954	954	My Site	Cave Jam Solstice Fest w/ Vince Herman	ghkgjk
19.5	20061106205513	http://www.catalyticsouls.com/forums/viewtopic.php?t=954&view=previous	954	My Site	Cave Jam Solstice Fest w/ Vince Herman	ghkgjk
19.5	20061106232539	http://www.catalyticsouls.com/forums/viewtopic.php?t=954&view=next	954	My Site	Cave Jam Solstice Fest w/ Vince Herman	ghkgjk
19.5	20061106232551	http://www.catalyticsouls.com/forums/viewtopic.php?t=954&start=0	954	My Site	Cave Jam Solstice Fest w/ Vince Herman	ghkgjk
19.5	20061106211436	http://www.catalyticsouls.com/forums/viewtopic.php?t=956	956	Best pharma!	Discussion	CrackersLab
19.5	20061106211440	http://www.catalyticsouls.com/forums/viewtopic.php?t=956&view=previous	956	Best pharma!	Discussion	CrackersLab
19.5	20061107000619	http://www.catalyticsouls.com/forums/viewtopic.php?t=956&view=next	956	Best pharma!	Discussion	CrackersLab
19.5	20061107000623	http://www.catalyticsouls.com/forums/viewtopic.php?t=956&start=0	956	Best pharma!	Discussion	CrackersLab
19.5	20061106212151	http://www.catalyticsouls.com/forums/viewtopic.php?t=957	957	My boyfriend is... a gay!!!!! please help me!	Discussion	vovanil85
19.5	20061106212155	http://www.catalyticsouls.com/forums/viewtopic.php?t=957&view=next	957	My boyfriend is... a gay!!!!! please help me!	Discussion	vovanil85
19.5	20061107002616	http://www.catalyticsouls.com/forums/viewtopic.php?t=957&start=0&postdays=0&postorder=asc&highlight=	957	My boyfriend is... a gay!!!!! please help me!	Discussion	vovanil85
19.5	20061107002622	http://www.catalyticsouls.com/forums/viewtopic.php?t=957&start=0	957	My boyfriend is... a gay!!!!! please help me!	Discussion	vovanil85
19.5	20061106205221	http://www.catalyticsouls.com/forums/viewtopic.php?t=959&view=previous	959	cialis	Cave Jam Solstice Fest w/ Vince Herman	cialis
19.5	20061106205806	http://www.catalyticsouls.com/forums/viewtopic.php?t=959	959	cialis	Cave Jam Solstice Fest w/ Vince Herman	cialis
19.5	20061106225729	http://www.catalyticsouls.com/forums/viewtopic.php?t=959&view=next	959	cialis	Cave Jam Solstice Fest w/ Vince Herman	cialis
19.5	20061106225733	http://www.catalyticsouls.com/forums/viewtopic.php?t=959&start=0	959	cialis	Cave Jam Solstice Fest w/ Vince Herman	cialis
19.5	20061106205649	http://www.catalyticsouls.com/forums/viewtopic.php?t=960	960	zoloft dosage	Cave Jam Solstice Fest w/ Vince Herman	zoloft
19.5	20061106205656	http://www.catalyticsouls.com/forums/viewtopic.php?t=960&view=previous	960	zoloft dosage	Cave Jam Solstice Fest w/ Vince Herman	zoloft
19.5	20061106205700	http://www.catalyticsouls.com/forums/viewtopic.php?t=960&view=next	960	zoloft dosage	Cave Jam Solstice Fest w/ Vince Herman	zoloft
19.5	20061106232708	http://www.catalyticsouls.com/forums/viewtopic.php?t=960&start=0&postdays=0&postorder=asc&highlight=	960	zoloft dosage	Cave Jam Solstice Fest w/ Vince Herman	zoloft
19.5	20061106205425	http://www.catalyticsouls.com/forums/viewtopic.php?t=961	961	debt consolidation	Cave Jam Solstice Fest w/ Vince Herman	debt_consolidation
19.5	20061106205428	http://www.catalyticsouls.com/forums/viewtopic.php?t=961&view=next	961	debt consolidation	Cave Jam Solstice Fest w/ Vince Herman	debt_consolidation
19.5	20061106231054	http://www.catalyticsouls.com/forums/viewtopic.php?t=961&start=0	961	debt consolidation	Cave Jam Solstice Fest w/ Vince Herman	debt_consolidation
19.5	20061106231104	http://www.catalyticsouls.com/forums/viewtopic.php?t=961&view=previous	961	debt consolidation	Cave Jam Solstice Fest w/ Vince Herman	debt_consolidation
19.5	20061106205409	http://www.catalyticsouls.com/forums/viewtopic.php?t=963	963	My Site	Cave Jam Solstice Fest w/ Vince Herman	gkhj
19.5	20061106225054	http://www.catalyticsouls.com/forums/viewtopic.php?t=963&view=next	963	My Site	Cave Jam Solstice Fest w/ Vince Herman	gkhj
19.5	20061106225110	http://www.catalyticsouls.com/forums/viewtopic.php?t=963&start=0&postdays=0&postorder=asc&highlight=	963	My Site	Cave Jam Solstice Fest w/ Vince Herman	gkhj
19.5	20061106225123	http://www.catalyticsouls.com/forums/viewtopic.php?t=963&start=0	963	My Site	Cave Jam Solstice Fest w/ Vince Herman	gkhj
19.5	20061106211607	http://www.catalyticsouls.com/forums/viewtopic.php?t=965	965	Online oxycontin	Discussion	ZIgCksVV
19.5	20061106211611	http://www.catalyticsouls.com/forums/viewtopic.php?t=965&view=previous	965	Online oxycontin	Discussion	ZIgCksVV
19.5	20061106211614	http://www.catalyticsouls.com/forums/viewtopic.php?t=965&view=next	965	Online oxycontin	Discussion	ZIgCksVV
19.5	20061107001402	http://www.catalyticsouls.com/forums/viewtopic.php?t=965&start=0	965	Online oxycontin	Discussion	ZIgCksVV
19.5	20061106205113	http://www.catalyticsouls.com/forums/viewtopic.php?t=968&view=previous	968	phentermine	Cave Jam Solstice Fest w/ Vince Herman	phentermine
19.5	20061106205305	http://www.catalyticsouls.com/forums/viewtopic.php?t=968	968	phentermine	Cave Jam Solstice Fest w/ Vince Herman	phentermine
19.5	20061106225015	http://www.catalyticsouls.com/forums/viewtopic.php?t=968&view=next	968	phentermine	Cave Jam Solstice Fest w/ Vince Herman	phentermine
19.5	20061106225022	http://www.catalyticsouls.com/forums/viewtopic.php?t=968&start=0	968	phentermine	Cave Jam Solstice Fest w/ Vince Herman	phentermine
19.5	20061106205926	http://www.catalyticsouls.com/forums/viewtopic.php?t=973	973	buy phentermine	Cave Jam Solstice Fest w/ Vince Herman	buy_phentermine
19.5	20061106205929	http://www.catalyticsouls.com/forums/viewtopic.php?t=973&view=previous	973	buy phentermine	Cave Jam Solstice Fest w/ Vince Herman	buy_phentermine
19.5	20061106205936	http://www.catalyticsouls.com/forums/viewtopic.php?t=973&view=next	973	buy phentermine	Cave Jam Solstice Fest w/ Vince Herman	buy_phentermine
19.5	20061106232947	http://www.catalyticsouls.com/forums/viewtopic.php?t=973&start=0&postdays=0&postorder=asc&highlight=	973	buy phentermine	Cave Jam Solstice Fest w/ Vince Herman	buy_phentermine
19.5	20061106205644	http://www.catalyticsouls.com/forums/viewtopic.php?t=975	975	ultram	Cave Jam Solstice Fest w/ Vince Herman	ultram
19.5	20061106230220	http://www.catalyticsouls.com/forums/viewtopic.php?t=975&view=previous	975	ultram	Cave Jam Solstice Fest w/ Vince Herman	ultram
19.5	20061106230231	http://www.catalyticsouls.com/forums/viewtopic.php?t=975&view=next	975	ultram	Cave Jam Solstice Fest w/ Vince Herman	ultram
19.5	20061106230238	http://www.catalyticsouls.com/forums/viewtopic.php?t=975&start=0&postdays=0&postorder=asc&highlight=	975	ultram	Cave Jam Solstice Fest w/ Vince Herman	ultram
19.5	20061106212426	http://www.catalyticsouls.com/forums/viewtopic.php?t=979&view=next	979	Buy cheap cigarette online	Discussion	gixrSasBaff
19.5	20061106212548	http://www.catalyticsouls.com/forums/viewtopic.php?t=979	979	Buy cheap cigarette online	Discussion	gixrSasBaff
19.5	20061107004015	http://www.catalyticsouls.com/forums/viewtopic.php?t=979&view=previous	979	Buy cheap cigarette online	Discussion	gixrSasBaff
19.5	20061107004028	http://www.catalyticsouls.com/forums/viewtopic.php?t=979&start=0&postdays=0&postorder=asc&highlight=	979	Buy cheap cigarette online	Discussion	gixrSasBaff
19.5	20061106205236	http://www.catalyticsouls.com/forums/viewtopic.php?t=981&view=previous	981	My Site	Cave Jam Solstice Fest w/ Vince Herman	dghfghfg
19.5	20061106205327	http://www.catalyticsouls.com/forums/viewtopic.php?t=981	981	My Site	Cave Jam Solstice Fest w/ Vince Herman	dghfghfg
19.5	20061106230133	http://www.catalyticsouls.com/forums/viewtopic.php?t=981&view=next	981	My Site	Cave Jam Solstice Fest w/ Vince Herman	dghfghfg
19.5	20061106230150	http://www.catalyticsouls.com/forums/viewtopic.php?t=981&start=0&postdays=0&postorder=asc&highlight=	981	My Site	Cave Jam Solstice Fest w/ Vince Herman	dghfghfg
19.5	20061106204503	http://www.catalyticsouls.com/forums/viewtopic.php?t=982	982	generic hydrocodone	Cave Jam Solstice Fest w/ Vince Herman	buy hydrocodone
19.5	20061106215939	http://www.catalyticsouls.com/forums/viewtopic.php?t=982&view=previous	982	generic hydrocodone	Cave Jam Solstice Fest w/ Vince Herman	buy hydrocodone
19.5	20061106215944	http://www.catalyticsouls.com/forums/viewtopic.php?t=982&start=0&postdays=0&postorder=asc&highlight=	982	generic hydrocodone	Cave Jam Solstice Fest w/ Vince Herman	buy hydrocodone
19.5	20061106220001	http://www.catalyticsouls.com/forums/viewtopic.php?t=982&start=0	982	generic hydrocodone	Cave Jam Solstice Fest w/ Vince Herman	buy hydrocodone
